,0,1
0,['Tweets']------------------------------,"{'neg': 0.0, 'neu': 1.0, 'pos': 0.0, 'compound': 0.0}"
1,['Samsungs second foldable is a flip phone with a nextgen design '],"{'neg': 0.0, 'neu': 1.0, 'pos': 0.0, 'compound': 0.0}"
2,['Samsungs space selfie satellite plummets from sky onto Michigan horse farm '],"{'neg': 0.0, 'neu': 1.0, 'pos': 0.0, 'compound': 0.0}"
3,['One month with the Samsung Galaxy Fold Folding is believing'],"{'neg': 0.0, 'neu': 1.0, 'pos': 0.0, 'compound': 0.0}"
4,['Samsung Galaxy Tab S6 review The last of a dying breed  '],"{'neg': 0.0, 'neu': 1.0, 'pos': 0.0, 'compound': 0.0}"
5,['Samsung had to fix one thing with the Galaxy Watch Active2 '],"{'neg': 0.0, 'neu': 1.0, 'pos': 0.0, 'compound': 0.0}"
6,['The Samsung Galaxy Fold finally goes on sale this week again '],"{'neg': 0.0, 'neu': 1.0, 'pos': 0.0, 'compound': 0.0}"
7,['Samsung just released a smaller version of its famouslyhuge phone the Galaxy Note 10 Here are the differences be '],"{'neg': 0.0, 'neu': 1.0, 'pos': 0.0, 'compound': 0.0}"
8,['Can you spot the upgrades on the new Samsung Galaxy Fold  '],"{'neg': 0.0, 'neu': 1.0, 'pos': 0.0, 'compound': 0.0}"
9,['Samsung is supposedly working on a much cooler folding phone  '],"{'neg': 0.0, 'neu': 1.0, 'pos': 0.0, 'compound': 0.0}"
10,['Samsungs first Bixby speaker still isnt out but now theres a mini version '],"{'neg': 0.0, 'neu': 1.0, 'pos': 0.0, 'compound': 0.0}"
11,['Samsung probably got a lot of wedgies in high school '],"{'neg': 0.0, 'neu': 1.0, 'pos': 0.0, 'compound': 0.0}"
12,['Hubble sees our galaxy sucking up a mysterious amount of gas  '],"{'neg': 0.0, 'neu': 1.0, 'pos': 0.0, 'compound': 0.0}"
13,['Should you buy the Galaxy Note 10  ']-,"{'neg': 0.0, 'neu': 1.0, 'pos': 0.0, 'compound': 0.0}"
14,['The Pixelbook Go is a smaller cheaper Googlemade Chromebook  '],"{'neg': 0.0, 'neu': 1.0, 'pos': 0.0, 'compound': 0.0}"
