,date,open,high,low,close,adj_close,volume,Stockname,Open_USD,High_USD,Low_USD,Close_USD,Adj_Close_USD
791,7/2/2018,46500,47150,45500,45550,44792.49609,13112253,samsungtech15-19,41.50824085,42.08846357,40.61559051,40.66022303,39.9840369
792,7/3/2018,45750,46450,45750,46150,45382.51563,10959655,samsungtech15-19,41.11286371,41.74191299,41.11286371,41.47232044,40.78262689
793,7/4/2018,46700,47050,46050,46250,45480.85156,8776763,samsungtech15-19,41.78307716,42.09622656,41.20151399,41.3804565,40.69228972
794,7/5/2018,46100,46550,45600,45950,45185.83984,7039773,samsungtech15-19,41.23391237,41.6364126,40.78668989,41.09974562,40.41624642
795,7/6/2018,45500,45850,44650,44900,44153.30469,17843706,samsungtech15-19,40.69218564,41.00520245,39.93200195,40.15558539,39.48779057
796,7/9/2018,45500,46100,45200,45600,44841.66016,11602464,samsungtech15-19,40.95027789,41.49028155,40.68027606,41.0402785,40.35776801
797,7/10/2018,46200,46550,46100,46300,45530.01953,10528665,samsungtech15-19,41.35168841,41.66495877,41.26218259,41.44119423,40.7520169
798,7/11/2018,46400,46450,45400,46000,45235.01172,11224077,samsungtech15-19,41.29190776,41.33640335,40.40199595,40.93594303,40.25517093
799,7/12/2018,45900,46250,45450,45500,44743.32813,11828104,samsungtech15-19,40.76907019,41.07994545,40.36937342,40.41378417,39.74169684
800,7/13/2018,45800,46500,45750,46500,45726.69531,11543389,samsungtech15-19,40.4068652,41.02443737,40.3627529,41.02443737,40.34219243
801,7/16/2018,46800,46800,46000,46050,45284.17969,7678719,samsungtech15-19,41.5234721,41.5234721,40.81366916,40.85803184,40.17855495
802,7/17/2018,46150,46200,45600,45850,45087.50781,8892953,samsungtech15-19,40.93852909,40.98288286,40.45063763,40.67240648,39.99601842
803,7/18/2018,46700,47200,46450,46550,45775.86328,10952645,samsungtech15-19,41.17375887,41.6145914,40.9533426,41.0415091,40.3589798
804,7/19/2018,47050,47200,46600,46900,46120.04297,9880128,samsungtech15-19,41.28293001,41.41454402,40.88808795,41.15131599,40.4669608
805,7/20/2018,47000,47600,46700,47450,46660.89844,10474547,samsungtech15-19,41.46713943,41.99650717,41.20245556,41.86416524,41.16795706
806,7/23/2018,47100,47200,46150,46500,45726.69531,10823782,samsungtech15-19,41.52327778,41.6114376,40.68575943,40.99431882,40.31257476
807,7/24/2018,46350,46600,45950,46150,45382.51563,8261363,samsungtech15-19,41.07757126,41.29913313,40.72307226,40.90032176,40.22014066
808,7/25/2018,46250,46550,45900,46150,45382.51563,7222471,samsungtech15-19,41.19427492,41.46148102,40.88253446,41.10520621,40.42161784
809,7/26/2018,46100,47000,46000,46900,46120.04297,7374946,samsungtech15-19,41.17238646,41.97618576,41.08307542,41.88687472,41.19028704
810,7/27/2018,46450,47000,46450,46900,46120.04297,4762460,samsungtech15-19,41.53126875,42.02302758,41.53126875,41.93361688,41.23625187
811,7/30/2018,46550,46800,46350,46500,45726.69531,5723035,samsungtech15-19,41.64581658,41.86947833,41.46688719,41.60108423,40.90924953
812,7/31/2018,46200,46450,46000,46250,45480.85156,8033607,samsungtech15-19,41.30159431,41.52508779,41.12279953,41.34629301,40.65869438
813,8/1/2018,46050,46850,46050,46550,45775.86328,7484499,samsungtech15-19,41.19632859,41.91200857,41.19632859,41.64362858,40.95108589
814,8/2/2018,46550,46800,45500,45550,44792.49609,8560924,samsungtech15-19,41.19472165,41.41596075,40.2655174,40.30976522,39.63940727
815,8/3/2018,45850,45900,45450,45750,44989.16797,8274944,samsungtech15-19,40.7721315,40.81659402,40.41643133,40.68320646,40.00663626
816,8/6/2018,46150,46150,45750,45800,45038.33594,6771979,samsungtech15-19,41.00067346,41.00067346,40.64530467,40.68972577,40.01304669
817,8/7/2018,46300,46750,45900,46700,45923.37109,9058174,samsungtech15-19,41.34100372,41.74280613,40.98384602,41.69816142,41.00471393
818,8/8/2018,47000,47000,46550,46800,46021.70703,6429338,samsungtech15-19,41.94450862,41.94450862,41.54291226,41.76602135,41.07144441
819,8/9/2018,47000,47050,46450,46900,46120.04297,12010886,samsungtech15-19,41.97676479,42.02142092,41.48554733,41.88745252,41.19085523
820,8/10/2018,46150,46400,44850,45400,44644.98828,16670643,samsungtech15-19,40.87190191,41.09330983,39.72058073,40.20767815,39.53901586
821,8/13/2018,44950,45100,44650,45050,44300.80859,9803831,samsungtech15-19,39.59650282,39.72863798,39.3322325,39.68459292,39.02462941
822,8/14/2018,44850,45400,44850,45150,44399.14844,6409259,samsungtech15-19,39.76053941,40.24812685,39.76053941,40.02649619,39.3608493
823,8/16/2018,43800,44650,43700,44250,43514.11719,10088229,samsungtech15-19,38.76860559,39.52096438,38.68009279,39.16691318,38.51556272
824,8/17/2018,44050,44400,44050,44100,43366.60938,6808747,samsungtech15-19,39.1283044,39.43919899,39.1283044,39.17271792,38.52126885
825,8/20/2018,43500,44200,43500,43850,43120.76563,7289124,samsungtech15-19,38.75898228,39.38269004,38.75898228,39.07083616,38.42108025
826,8/21/2018,43700,44900,43700,44800,44054.96875,9520270,samsungtech15-19,39.03100661,40.10279626,39.03100661,40.01348046,39.3480498
827,8/22/2018,45150,46200,44900,46100,45333.34766,11641656,samsungtech15-19,40.37587282,41.31484661,40.15230763,41.22542053,40.53983344
828,8/23/2018,46150,46200,45700,46200,45431.6875,6730918,samsungtech15-19,41.11335641,41.1578996,40.71246778,41.1578996,40.47343794
829,8/24/2018,45900,46400,45550,46150,45382.51563,6582535,samsungtech15-19,41.15483477,41.60314451,40.84101794,41.37898964,40.69084819
830,8/27/2018,46100,46550,46000,46300,45530.01953,5263782,samsungtech15-19,41.4305591,41.83497887,41.34068804,41.61030122,40.9183116
831,8/28/2018,46800,46950,46300,46550,45775.86328,7365976,samsungtech15-19,42.32955116,42.4652228,41.87731237,42.10343176,41.40324245
832,8/29/2018,46750,46800,46400,46800,46021.70703,5572374,samsungtech15-19,41.95471303,41.99958438,41.64061358,41.99958438,41.30112324
833,8/30/2018,46950,47950,46700,47650,46857.57031,12193231,samsungtech15-19,42.30649002,43.20758672,42.08121585,42.93725771,42.22320193
834,8/31/2018,47100,48450,47000,48450,47644.26953,13577454,samsungtech15-19,42.15054036,43.35867687,42.06104877,43.35867687,42.63761583
835,9/3/2018,48200,48300,47300,47450,46660.89844,8595084,samsungtech15-19,43.34132173,43.43124148,42.53204393,42.66692357,41.95736538
836,9/4/2018,47550,47800,47200,47650,46857.57031,6791255,samsungtech15-19,42.5478164,42.7715168,42.23463583,42.63729656,41.9282292
837,9/5/2018,47300,47450,46400,46600,45825.03125,9139998,samsungtech15-19,42.14876707,42.28243124,41.34678207,41.52500096,40.83443062
838,9/6/2018,46200,46400,45800,46100,45333.34766,9040553,samsungtech15-19,41.1946105,41.37294215,40.83794721,41.10544468,40.42185281
839,9/7/2018,44500,45200,44400,44900,44153.30469,18285508,samsungtech15-19,39.63495058,40.25842171,39.54588327,39.9912198,39.32615841
840,9/10/2018,45450,45550,45000,45500,44743.32813,9979838,samsungtech15-19,40.25304059,40.34160614,39.85449563,40.29732336,39.62717279
841,9/11/2018,45550,45900,45050,45050,44300.80859,9865790,samsungtech15-19,40.36287841,40.67302127,39.91981717,39.91981717,39.25594183
842,9/12/2018,44900,45100,44500,44550,43809.125,12995269,samsungtech15-19,39.78724462,39.96447065,39.43279255,39.47709906,38.82058737
843,9/13/2018,44550,44750,44000,44050,43317.4375,18277942,samsungtech15-19,39.73282267,39.91119673,39.24229399,39.28688751,38.63353676
844,9/14/2018,45000,45850,44900,45850,45087.50781,12446344,samsungtech15-19,40.21660181,40.97624873,40.12723158,40.97624873,40.29480773
845,9/17/2018,45550,45800,44900,45150,44399.14844,8123384,samsungtech15-19,40.49004532,40.71227389,39.91225104,40.13447961,39.46703694
846,9/18/2018,44950,45900,44700,45500,44743.32813,9987090,samsungtech15-19,39.97993704,40.82489678,39.75757921,40.46912426,39.79611661
847,9/19/2018,46000,46200,45700,46150,45382.51563,9367454,samsungtech15-19,41.0069073,41.1851982,40.73947095,41.14062548,40.45644808
848,9/20/2018,46850,47600,46400,47250,46464.22266,13536966,samsungtech15-19,41.87826784,42.54867767,41.47602193,42.23581975,41.53342927
849,9/21/2018,46550,47550,46550,47400,46611.73047,14476906,samsungtech15-19,41.70779552,42.60377394,41.70779552,42.46937718,41.76310469
850,9/27/2018,46950,47500,46450,47500,47061.53906,15804586,samsungtech15-19,42.22117113,42.71577484,41.77153139,42.71577484,42.32147592
851,9/28/2018,47250,47250,46300,46450,46021.23047,11270515,samsungtech15-19,42.54061832,42.54061832,41.6853043,41.82035388,41.43431957
852,10/1/2018,46450,46800,45800,46350,45922.15234,6354983,samsungtech15-19,41.78541421,42.10026663,41.20068829,41.69545638,41.31057389
853,10/2/2018,46450,46700,45700,45700,45278.15234,6607188,samsungtech15-19,41.54700043,41.77061185,40.8761662,40.8761662,40.49884639
854,10/4/2018,45150,45600,44700,44700,44287.38281,11865327,samsungtech15-19,40.00056229,40.39923899,39.60188559,39.60188559,39.23632812
855,10/5/2018,44800,45500,44550,44700,44287.38281,10544165,samsungtech15-19,39.70520089,40.32559465,39.48363169,39.61657321,39.25088016
856,10/8/2018,44200,45200,44200,44950,44535.07422,6759464,samsungtech15-19,38.88253102,39.76222629,38.88253102,39.54230247,39.17729423
857,10/10/2018,45250,45500,44500,45300,44881.84375,10341349,samsungtech15-19,39.79162684,40.01147008,39.13209711,39.83559549,39.46788019
858,10/11/2018,44000,44650,43100,43100,42702.15234,19324537,samsungtech15-19,38.56288332,39.13256228,37.77409707,37.77409707,37.42541178
859,10/12/2018,43200,44650,43200,44000,43593.84375,12640906,samsungtech15-19,38.190434,39.47228884,38.190434,38.89766426,38.53860677
860,10/15/2018,44050,44050,43350,43800,43395.69141,7434522,samsungtech15-19,39.01339467,39.01339467,38.39343153,38.79197926,38.43389866
861,10/16/2018,43700,44150,43350,43600,43197.53906,6825677,samsungtech15-19,38.89270462,39.29320158,38.58120699,38.8037053,38.44551778
862,10/17/2018,44150,44500,44000,44150,43742.46094,8306193,samsungtech15-19,39.17332318,39.48387047,39.04023148,39.17332318,38.81172274
863,10/18/2018,43950,44450,43700,44050,43643.38281,8347725,samsungtech15-19,38.70075772,39.14103938,38.48061689,38.78881405,38.43076187
864,10/19/2018,43900,44150,43450,43900,43494.76953,7842520,samsungtech15-19,38.84955752,39.07079646,38.45132743,38.84955752,38.49094649
865,10/22/2018,43450,43950,43200,43550,43148,8357648,samsungtech15-19,38.39433404,38.83615606,38.17342303,38.48269844,38.12747353
866,10/23/2018,43300,43450,42550,43050,42652.61328,9531231,samsungtech15-19,38.06046822,38.19231741,37.40122223,37.84071955,37.49141875
867,10/24/2018,43050,43100,42250,42550,42157.23047,13522825,samsungtech15-19,37.97362429,38.01772838,37.2679588,37.53258336,37.18612848
868,10/25/2018,40600,41550,40550,41000,40621.53906,19338170,samsungtech15-19,35.75205184,36.58861463,35.70802222,36.1042888,35.77101897
869,10/26/2018,41100,41300,40400,41000,40621.53906,14413864,samsungtech15-19,35.91849233,36.09327818,35.30674185,35.8310994,35.50035132
870,10/29/2018,40850,41950,40550,41400,41017.84375,14460521,samsungtech15-19,35.83565345,36.8006282,35.57247851,36.31814083,35.98289434
871,10/30/2018,41400,43000,41000,42350,41959.07422,14205190,samsungtech15-19,36.32974512,37.73379324,35.97873309,37.16339869,36.82034956
872,10/31/2018,42900,43350,41700,42400,42008.61328,17621480,samsungtech15-19,37.60686237,38.00133994,36.55492216,37.16855395,36.82545776
873,11/1/2018,42450,42950,42150,42150,41760.92188,13423132,samsungtech15-19,37.61630629,38.05937233,37.35046667,37.35046667,37.00569207
874,11/2/2018,43050,44250,42800,44150,43742.46094,16517112,samsungtech15-19,38.51140842,39.58489716,38.28776494,39.49543976,39.13086594
875,11/5/2018,43750,43800,42900,43800,43395.69141,9426777,samsungtech15-19,38.90272705,38.94718731,38.14690264,38.94718731,38.58767402
876,11/6/2018,43750,43800,42950,43750,43346.15234,7713625,samsungtech15-19,39.03310173,39.07771098,38.31935358,39.03310173,38.67279483
877,11/7/2018,43600,44500,43400,44000,43593.84375,11553998,samsungtech15-19,38.93746939,39.74122449,38.75885714,39.29469388,38.93197148
878,11/8/2018,44900,45050,44050,44050,43643.38281,12617397,samsungtech15-19,40.20265229,40.33695959,39.44157758,39.44157758,39.07749986
879,11/9/2018,44450,44850,43900,44300,43891.07422,7318500,samsungtech15-19,39.4386559,39.79355944,38.95066353,39.30556707,38.94274405
880,11/12/2018,43850,45250,43700,45200,44782.76953,8552566,samsungtech15-19,38.58780817,39.81980205,38.45580883,39.77580227,39.40864128
881,11/13/2018,43900,44500,43400,44500,44089.23047,9311126,samsungtech15-19,38.70607809,39.23509055,38.26523438,39.23509055,38.87292022
882,11/14/2018,44500,44500,43800,44100,43692.92188,6783344,samsungtech15-19,39.30564244,39.30564244,38.68735143,38.95233329,38.59277223
883,11/15/2018,44050,44350,43500,44250,43841.53906,5864067,samsungtech15-19,38.9662869,39.23166457,38.47976119,39.14320535,38.78188398
884,11/16/2018,44600,44750,43700,44000,43593.84375,7777124,samsungtech15-19,39.41670042,39.5492678,38.62129615,38.88643091,38.52747711
885,11/19/2018,44050,44250,43450,43650,43247.07422,7538720,samsungtech15-19,39.0919247,39.26941357,38.55945807,38.73694695,38.37937273
886,11/20/2018,42450,43000,42100,42800,42404.92188,9420664,samsungtech15-19,37.64258595,38.13029908,37.33222305,37.95294885,37.60261288
887,11/21/2018,41800,42300,41800,42100,41711.38281,10769589,samsungtech15-19,37.05314438,37.49636381,37.05314438,37.31907603,36.97459065
888,11/22/2018,42000,42650,42000,42450,42058.15234,5970796,samsungtech15-19,37.19784701,37.77352797,37.19784701,37.59639537,37.24935038
889,11/23/2018,42450,42600,41900,42400,42008.61328,5192638,samsungtech15-19,37.49697701,37.62947516,37.01115045,37.45281096,37.10709084
890,11/26/2018,42150,42800,42100,42600,42206.76953,6613009,samsungtech15-19,37.36370977,37.93989983,37.31938745,37.76261058,37.4140329
891,11/27/2018,42900,43100,42500,43050,42652.61328,8367091,samsungtech15-19,37.99113488,38.16824972,37.63690518,38.12397101,37.77205557
892,11/28/2018,42800,43200,42750,43150,42751.69141,6943099,samsungtech15-19,37.93447645,38.28900427,37.89016047,38.24468829,37.8916596
893,11/29/2018,43850,43850,42900,43150,42751.69141,8473511,samsungtech15-19,39.14484897,39.14484897,38.29678497,38.5199597,38.16439004
894,11/30/2018,43450,44000,41750,41850,41463.69141,19775519,samsungtech15-19,38.73885828,39.22922357,37.22318373,37.31234106,36.96791865
895,12/3/2018,42750,43400,42400,43250,42850.76953,12110702,samsungtech15-19,38.43443559,39.01881883,38.1197677,38.88396116,38.52503255
896,12/4/2018,42650,42900,41900,42150,41760.92188,14347746,samsungtech15-19,38.58671018,38.81289253,37.9081631,38.13434546,37.78233504
897,12/5/2018,40900,41750,40850,41450,41067.38281,12631983,samsungtech15-19,36.72748124,37.4907663,36.68258211,37.22137157,36.87778806
898,12/6/2018,40600,41100,40450,40500,40126.15234,14251826,samsungtech15-19,36.20107931,36.64690541,36.06733148,36.11191409,35.77857201
899,12/7/2018,40900,41400,40850,40950,40572,11433083,samsungtech15-19,36.3716909,36.8163326,36.32722673,36.41615507,36.08000594
900,12/10/2018,40450,40650,40000,40200,39828.92188,14892263,samsungtech15-19,35.89669649,36.07418325,35.49735129,35.67483805,35.34553079
901,12/11/2018,40600,40700,40200,40250,39878.46094,10638766,samsungtech15-19,35.97556398,36.06417375,35.62112493,35.66542981,35.33620993
902,12/12/2018,40250,40700,40150,40450,40076.61328,12024279,samsungtech15-19,35.66057847,36.05926817,35.57198076,35.83777389,35.50696181
903,12/13/2018,40650,40750,40000,40000,39630.76953,26254646,samsungtech15-19,36.15248013,36.24141612,35.5743962,35.5743962,35.24601742
904,12/14/2018,40200,40200,38700,38950,38590.46094,19671783,samsungtech15-19,35.43724662,35.43724662,34.11496129,34.33534218,34.01840003
905,12/17/2018,38650,39600,38650,39150,38788.61328,11532968,samsungtech15-19,34.18548054,35.02574461,34.18548054,34.62772479,34.30808239
906,12/18/2018,38300,39200,38300,38900,38540.92188,11042101,samsungtech15-19,33.92681901,34.72405497,33.92681901,34.45830965,34.14023189
907,12/19/2018,38900,39350,38850,39100,38739.07422,9942037,samsungtech15-19,34.54714998,34.94679567,34.5027449,34.72477029,34.40423154
908,12/20/2018,38600,39100,38500,38650,38293.23047,11937617,samsungtech15-19,34.40585667,34.85152838,34.31672232,34.45042384,34.13241966
909,12/21/2018,38200,38650,38100,38650,38293.23047,14947080,samsungtech15-19,33.99168947,34.39211513,33.90270599,34.39211513,34.07464919
910,12/24/2018,38500,39050,38300,38800,38441.84375,9729530,samsungtech15-19,34.21662343,34.70543234,34.03887474,34.48324647,34.16493744
911,12/26/2018,38400,38750,38300,38350,37996,12707675,samsungtech15-19,34.18612615,34.49771844,34.09709978,34.14161296,33.82645961
912,12/27/2018,38700,38800,38100,38250,38250,10510643,samsungtech15-19,34.4827778,34.57188058,33.94816109,34.08181526,34.08181526
913,12/28/2018,38250,38900,38200,38700,38700,9900267,samsungtech15-19,34.24516356,34.82710752,34.20039864,34.64804784,34.64804784
914,1/2/2019,39400,39400,38550,38750,38750,7847664,samsungtech15-19,35.12200044,35.12200044,34.36429231,34.54257657,34.54257657
915,1/3/2019,38300,38550,37450,37600,37600,12471493,samsungtech15-19,33.97737595,34.19916039,33.22330886,33.35637953,33.35637953
916,1/4/2019,37450,37600,36850,37450,37450,14108958,samsungtech15-19,33.38537522,33.51909501,32.85049604,33.38537522,33.38537522
917,1/7/2019,38000,38900,37800,38750,38750,12748997,samsungtech15-19,33.94684463,34.75084885,33.76817703,34.61684814,34.61684814
918,1/8/2019,38000,39200,37950,38100,38100,12756554,samsungtech15-19,33.73531375,34.80063944,33.69092518,33.82409089,33.82409089
919,1/9/2019,38650,39600,38300,39600,39600,17452708,samsungtech15-19,34.47668125,35.32410292,34.16447327,35.32410292,35.32410292
920,1/10/2019,40000,40150,39600,39800,39800,14731699,samsungtech15-19,35.79407931,35.92830711,35.43613852,35.61510892,35.61510892
921,1/11/2019,40350,40550,39950,40500,40500,11661063,samsungtech15-19,36.09765661,36.27657932,35.73981119,36.23184865,36.23184865
922,1/14/2019,40450,40700,39850,40050,40050,11984996,samsungtech15-19,36.0174675,36.24007237,35.48321582,35.66129972,35.66129972
923,1/15/2019,40050,41100,39850,41100,41100,11492756,samsungtech15-19,35.65381918,36.5885635,35.47577264,36.5885635,36.5885635
924,1/16/2019,41150,41450,40700,41450,41450,8491595,samsungtech15-19,36.66082715,36.92809928,36.25991896,36.92809928,36.92809928
925,1/17/2019,41700,42100,41450,41950,41950,11736903,samsungtech15-19,37.10631852,37.46225443,36.88385858,37.32877846,37.32877846
926,1/18/2019,42000,42400,41950,42300,42300,11029256,samsungtech15-19,37.44996989,37.80663627,37.40538659,37.71746968,37.71746968
927,1/21/2019,42700,42750,41900,42750,42750,11355701,samsungtech15-19,37.74427796,37.788475,37.03712521,37.788475,37.788475
928,1/22/2019,42750,42850,41850,42150,42150,9964356,samsungtech15-19,37.77979716,37.86817096,36.98443301,37.24955439,37.24955439
929,1/23/2019,41350,42250,41350,42000,42000,11071079,samsungtech15-19,36.66345164,37.46144696,36.66345164,37.23978159,37.23978159
930,1/24/2019,43050,43100,42350,43050,43050,14747623,samsungtech15-19,38.10784199,38.15210197,37.48820228,38.10784199,38.10784199
931,1/25/2019,44300,44750,43750,44750,44750,22789395,samsungtech15-19,39.54989889,39.9516473,39.05887306,39.9516473,39.9516473
932,1/28/2019,45000,45500,44600,45050,45050,17998914,samsungtech15-19,40.22877813,40.67576455,39.87118899,40.27347677,40.27347677
933,1/29/2019,45050,45500,44350,45500,45500,16215017,samsungtech15-19,40.28443147,40.68682867,39.65848026,40.68682867,40.68682867
934,1/30/2019,44800,46400,44800,46400,46400,17505980,samsungtech15-19,40.06472715,41.49561026,40.06472715,41.49561026,41.49561026
935,1/31/2019,46650,47050,46150,46150,46150,21621145,samsungtech15-19,41.94768234,42.30736236,41.49808231,41.49808231,41.49808231
936,2/1/2019,46650,46950,46250,46350,46350,13832454,samsungtech15-19,41.76302358,42.03159608,41.40492691,41.49445108,41.49445108
937,2/7/2019,46800,47100,46200,46200,46200,15872001,samsungtech15-19,41.60008148,41.86674867,41.06674711,41.06674711,41.06674711
938,2/8/2019,45700,45700,44650,44800,44800,12689196,samsungtech15-19,40.70082263,40.70082263,39.76568338,39.8992747,39.8992747
939,2/11/2019,44500,45000,44250,45000,45000,11125044,samsungtech15-19,39.54506522,39.9893918,39.32290193,39.9893918,39.9893918
940,2/12/2019,44650,46250,44650,46050,46050,13184367,samsungtech15-19,39.73798287,41.16196434,39.73798287,40.98396666,40.98396666
941,2/13/2019,46400,46700,46000,46200,46200,11299738,samsungtech15-19,41.30330709,41.57035433,40.94724409,41.12527559,41.12527559
942,2/14/2019,46600,47500,46150,47500,47500,17259341,samsungtech15-19,41.33288203,42.13115657,40.93374476,42.13115657,42.13115657
943,2/15/2019,46750,46850,45650,46050,46050,10554643,samsungtech15-19,41.47141777,41.56012668,40.4956197,40.85045536,40.85045536
944,2/18/2019,46500,46850,45850,46200,46200,8183728,samsungtech15-19,41.30383985,41.61472897,40.72647435,41.03736346,41.03736346
945,2/19/2019,45850,46150,45450,45950,45950,6741395,samsungtech15-19,40.66194739,40.92800157,40.30720848,40.75063212,40.75063212
946,2/20/2019,46750,47100,46500,46900,46900,11506720,samsungtech15-19,41.63729809,41.94902118,41.41463874,41.7708937,41.7708937
947,2/21/2019,46500,47200,46200,46950,46950,8694009,samsungtech15-19,41.32411299,41.94619641,41.05750581,41.72402376,41.72402376
948,2/22/2019,46500,47150,46450,47150,47150,6895772,samsungtech15-19,41.36133365,41.93950283,41.3168591,41.93950283,41.93950283
949,2/25/2019,47400,47550,47050,47350,47350,7484716,samsungtech15-19,42.4071258,42.54132557,42.09399302,42.36239255,42.36239255
950,2/26/2019,47350,47450,46500,46750,46750,7985547,samsungtech15-19,42.35774409,42.44720079,41.5973622,41.82100394,41.82100394
951,2/27/2019,47000,47250,46750,46750,46750,8045211,samsungtech15-19,42.02234839,42.24587152,41.79882526,41.79882526,41.79882526
952,2/28/2019,46400,46500,45100,45100,45100,23569321,samsungtech15-19,41.34843529,41.4375483,40.1899662,40.1899662,40.1899662
953,3/4/2019,46000,46100,44800,44850,44850,12926539,samsungtech15-19,40.84829401,40.93709465,39.78268634,39.82708666,39.82708666
954,3/5/2019,44600,45100,44150,44250,44250,10612405,samsungtech15-19,39.5793077,40.02302191,39.17996491,39.26870775,39.26870775
955,3/6/2019,44000,44300,43700,44000,44000,10202544,samsungtech15-19,39.01180346,39.27779303,38.74581389,39.01180346,39.01180346
956,3/7/2019,43400,44950,43400,44450,44450,11049749,samsungtech15-19,38.42134862,39.79353965,38.42134862,39.35089738,39.35089738
957,3/8/2019,44450,44800,43800,43800,43800,7729069,samsungtech15-19,39.1045704,39.4124804,38.53273754,38.53273754,38.53273754
958,3/11/2019,44400,44450,43650,43650,43650,10717408,samsungtech15-19,39.14697949,39.19106392,38.48571294,38.48571294,38.48571294
959,3/12/2019,44300,44950,44150,44650,44650,11431977,samsungtech15-19,39.20954093,39.78485022,39.07677725,39.51932286,39.51932286
960,3/13/2019,44250,44450,43700,43850,43850,8108343,samsungtech15-19,39.10170664,39.27843752,38.61569673,38.74824489,38.74824489
961,3/14/2019,43700,44300,43550,43850,43850,18039161,samsungtech15-19,38.4530858,38.98104579,38.32109581,38.5850758,38.5850758
962,3/15/2019,43800,44250,43700,44200,44200,16814163,samsungtech15-19,38.55450123,38.95060912,38.46647725,38.90659713,38.90659713
963,3/18/2019,43950,44150,43450,43700,43700,8188876,samsungtech15-19,38.82650273,39.00318761,38.38479053,38.60564663,38.60564663
964,3/19/2019,43750,43900,43550,43900,43900,7609563,samsungtech15-19,38.72598683,38.85876164,38.54895375,38.85876164,38.85876164
965,3/20/2019,43800,44200,43100,44050,44050,9846242,samsungtech15-19,38.79256763,39.14683765,38.17259509,39.0139864,39.0139864
966,3/21/2019,44600,46250,44050,45850,45850,21138016,samsungtech15-19,39.51112529,40.97285974,39.02388047,40.61849988,40.61849988
967,3/22/2019,46850,47000,46250,46550,46550,12535911,samsungtech15-19,41.27647118,41.40862637,40.74785042,41.0121608,41.0121608
968,3/25/2019,45300,45650,44800,45500,45500,8699728,samsungtech15-19,39.98398373,40.29291075,39.5426594,40.16051346,40.16051346
969,3/26/2019,45500,45700,44900,45250,45250,9729811,samsungtech15-19,40.10746266,40.2837592,39.57857305,39.88709199,39.88709199
970,3/27/2019,44750,45600,44250,45350,45350,9568081,samsungtech15-19,39.3387783,40.08599532,38.89923888,39.8662256,39.8662256
971,3/28/2019,44950,45200,44300,44850,44850,6821306,samsungtech15-19,39.45888991,39.67834981,38.88829417,39.37110595,39.37110595
972,3/29/2019,44500,44900,44200,44650,44650,11491713,samsungtech15-19,39.16750231,39.51956975,38.90345173,39.2995276,39.2995276
973,4/1/2019,45200,45450,44850,45050,45050,7362129,samsungtech15-19,39.82522506,40.04549732,39.51684389,39.6930617,39.6930617
974,4/2/2019,45550,46100,45350,45750,45750,9480688,samsungtech15-19,40.08328423,40.56727558,39.90728737,40.25928108,40.25928108
975,4/3/2019,46750,46750,45800,46600,46600,12436570,samsungtech15-19,41.21301996,41.21301996,40.37553613,41.08078567,41.08078567
976,4/4/2019,46150,47100,46150,46950,46950,12650168,samsungtech15-19,40.57432978,41.40955433,40.57432978,41.27767677,41.27767677
977,4/5/2019,46950,47550,46600,46850,46850,8546339,samsungtech15-19,41.27840002,41.80591951,40.97068032,41.1904801,41.1904801
978,4/8/2019,47250,47250,46150,46650,46650,8507909,samsungtech15-19,41.25218343,41.25218343,40.29181514,40.72834618,40.72834618
979,4/9/2019,46700,46950,46200,46650,46650,6878761,samsungtech15-19,40.98461431,41.20401802,40.54580687,40.94073356,40.94073356
980,4/10/2019,46400,46700,46050,46700,46700,11883995,samsungtech15-19,40.78791043,41.05162537,40.48024301,41.05162537,41.05162537
981,4/11/2019,46700,46800,46150,46250,46250,13697399,samsungtech15-19,40.93067843,41.01832442,40.44862547,40.53627147,40.53627147
982,4/12/2019,46050,46900,46000,46850,46850,7668936,samsungtech15-19,40.63383087,41.38385814,40.58971161,41.33973889,41.33973889
983,4/15/2019,47150,47500,47000,47050,47050,8733019,samsungtech15-19,41.62794119,41.9369503,41.49550871,41.53965287,41.53965287
984,4/16/2019,47400,47400,46800,47250,47250,7730881,samsungtech15-19,41.76040587,41.76040587,41.23179314,41.62825269,41.62825269
985,4/17/2019,47300,47600,47000,47050,47050,5513658,samsungtech15-19,41.73953071,42.00426346,41.47479795,41.51892008,41.51892008
986,4/18/2019,47200,47250,45500,45600,45600,12808747,samsungtech15-19,41.51843309,41.56241448,40.0230658,40.11102858,40.11102858
987,4/19/2019,45750,46000,45250,45300,45300,8479710,samsungtech15-19,40.20600979,40.42571476,39.76659984,39.81054084,39.81054084
988,4/22/2019,45400,45900,45100,45350,45350,6006957,samsungtech15-19,39.78874655,40.22694861,39.52582532,39.74492635,39.74492635
989,4/23/2019,45050,45500,45000,45200,45200,6920566,samsungtech15-19,39.44584819,39.83986887,39.40206812,39.57718842,39.57718842
990,4/24/2019,45400,45650,44150,44750,44750,13299267,samsungtech15-19,39.44169644,39.6588864,38.35574665,38.87700255,38.87700255
991,4/25/2019,44250,45000,44100,44650,44650,10868965,samsungtech15-19,38.04329595,38.68809758,37.91433562,38.38719015,38.38719015
992,4/26/2019,44200,45000,43800,44850,44850,9739982,samsungtech15-19,38.07302354,38.76212803,37.72847129,38.63292094,38.63292094
993,4/29/2019,45150,46150,45100,46150,46150,8777517,samsungtech15-19,38.90436631,39.76603555,38.86128284,39.76603555,39.76603555
994,4/30/2019,46000,46300,45350,45850,45850,11121273,samsungtech15-19,39.45138034,39.70867195,38.89391518,39.32273454,39.32273454
995,5/2/2019,45500,46150,45400,45900,45900,8625126,samsungtech15-19,39.1171261,39.67594218,39.03115439,39.46101292,39.46101292
996,5/3/2019,45900,46050,45300,45300,45300,6562916,samsungtech15-19,39.23242253,39.36063306,38.71958041,38.71958041,38.71958041
997,5/7/2019,45250,45300,44400,44850,44850,12014907,samsungtech15-19,38.6402243,38.68292068,37.91438584,38.29865326,38.29865326
998,5/8/2019,44300,44850,44200,44250,44250,10398754,samsungtech15-19,37.78091953,38.24998287,37.69563529,37.73827741,37.73827741
999,5/9/2019,43900,44250,42450,42450,42450,23029718,samsungtech15-19,37.10769684,37.40354408,35.88204398,35.88204398,35.88204398
1000,5/10/2019,42600,43450,42450,42900,42900,14579512,samsungtech15-19,36.09679172,36.81703287,35.96969034,36.35099448,36.35099448
1001,5/13/2019,42500,43200,42350,42650,42650,7635079,samsungtech15-19,35.77591047,36.36516076,35.64964255,35.90217839,35.90217839
1002,5/14/2019,41300,43100,41300,42650,42650,11563730,samsungtech15-19,34.7760126,36.29167417,34.7760126,35.91275878,35.91275878
1003,5/15/2019,42700,43050,42550,42550,42550,7670185,samsungtech15-19,35.86798717,36.16198707,35.74198722,35.74198722,35.74198722
1004,5/16/2019,42350,42400,41350,41550,41550,13687828,samsungtech15-19,35.61460249,35.65665043,34.77364375,34.9418355,34.9418355
1005,5/17/2019,41950,42050,40850,41200,41200,13357951,samsungtech15-19,35.12233397,35.20605824,34.20136693,34.49440189,34.49440189
1006,5/20/2019,41650,42100,41550,42000,42000,15752397,samsungtech15-19,34.88849841,35.26544497,34.80473251,35.18167907,35.18167907
1007,5/21/2019,42600,43950,42350,43150,43150,18812133,samsungtech15-19,35.69830615,36.8295905,35.48880905,36.15919978,36.15919978
1008,5/22/2019,43700,43800,42400,43500,43500,11033339,samsungtech15-19,36.72404273,36.80807944,35.63156549,36.55596931,36.55596931
1009,5/23/2019,43900,44000,43250,43850,43850,12259006,samsungtech15-19,36.83881393,36.92272922,36.29336452,36.79685628,36.79685628
1010,5/24/2019,43800,43800,42400,42700,42700,13966305,samsungtech15-19,36.88882699,36.88882699,35.70973206,35.96239526,35.96239526
1011,5/27/2019,42500,43000,42350,42650,42650,8066669,samsungtech15-19,35.86803331,36.29001017,35.74144025,35.99462637,35.99462637
1012,5/28/2019,42550,42950,42150,42550,42550,24506881,samsungtech15-19,35.8089466,36.14557595,35.47231726,35.8089466,35.8089466
1013,5/29/2019,41850,42100,41300,41800,41800,14930618,samsungtech15-19,35.01677042,35.22595065,34.55657391,34.97493437,34.97493437
1014,5/30/2019,42200,42700,42150,42550,42550,11766018,samsungtech15-19,35.43479868,35.85464226,35.39281432,35.72868919,35.72868919
1015,5/31/2019,42600,42800,42150,42500,42500,11365999,samsungtech15-19,35.76217901,35.93007656,35.38440951,35.67823023,35.67823023
1016,6/3/2019,42950,43900,42500,43800,43800,15466580,samsungtech15-19,36.2987457,37.10162832,35.91843288,37.01711436,37.01711436
1017,6/4/2019,43400,43700,43000,43450,43450,9913497,samsungtech15-19,36.6661357,36.91958825,36.32819896,36.70837779,36.70837779
1018,6/5/2019,44050,44200,43700,43900,43900,12464135,samsungtech15-19,37.44314861,37.57065082,37.14564346,37.3156464,37.3156464
1019,6/7/2019,43600,44350,43450,44200,44200,11683682,samsungtech15-19,36.78307464,37.41581102,36.65652737,37.28926374,37.28926374
1020,6/10/2019,44300,44850,44050,44800,44800,8792182,samsungtech15-19,37.36857702,37.83252097,37.1576934,37.79034425,37.79034425
1021,6/11/2019,44800,45000,44550,44850,44850,6664872,samsungtech15-19,37.91727727,38.08655083,37.70568532,37.95959566,37.95959566
1022,6/12/2019,44800,45050,44300,44600,44600,8607439,samsungtech15-19,37.91797041,38.12956623,37.49477878,37.74869376,37.74869376
1023,6/13/2019,44200,44400,43400,43750,43750,16906541,samsungtech15-19,37.35560813,37.52463803,36.67948852,36.97529085,36.97529085
1024,6/14/2019,43750,44150,43300,44000,44000,9322873,samsungtech15-19,36.95589007,37.2937725,36.57577235,37.16706659,37.16706659
1025,6/17/2019,43750,44050,43400,43900,43900,11890424,samsungtech15-19,36.86386649,37.11664729,36.56895556,36.99025689,36.99025689
1026,6/18/2019,43750,44500,43650,44350,44350,7994928,samsungtech15-19,36.92260252,37.55556142,36.838208,37.42896964,37.42896964
1027,6/19/2019,45450,45450,45000,45350,45350,10417690,samsungtech15-19,38.62812258,38.62812258,38.24566592,38.54313221,38.54313221
1028,6/20/2019,44850,45500,44850,45500,45500,7147785,samsungtech15-19,38.64499524,39.20506763,38.64499524,39.20506763,39.20506763
1029,6/21/2019,45750,45800,45200,45700,45700,9454913,samsungtech15-19,39.38702536,39.43007129,38.91352013,39.34397943,39.34397943
1030,6/24/2019,45200,45800,45200,45500,45500,6085066,samsungtech15-19,39.08184281,39.60062833,39.08184281,39.34123557,39.34123557
1031,6/25/2019,45200,45800,45200,45600,45600,7076774,samsungtech15-19,39.16528567,39.68517884,39.16528567,39.51188112,39.51188112
1032,6/26/2019,45800,46000,45600,45700,45700,9226097,samsungtech15-19,39.63709763,39.8101854,39.46400987,39.55055375,39.55055375
1033,6/27/2019,46000,46600,45750,46500,46500,12603534,samsungtech15-19,39.83032777,40.34985378,39.6138586,40.26326611,40.26326611
1034,6/28/2019,47000,47000,46700,47000,47000,12949231,samsungtech15-19,40.66294142,40.66294142,40.40339073,40.66294142,40.66294142
1035,7/1/2019,47350,47400,46250,46600,46600,11383522,samsungtech15-19,40.76366374,40.80670879,39.81667261,40.11798797,40.11798797
1036,7/2/2019,46200,46900,45850,46250,46250,8463073,samsungtech15-19,39.6045058,40.20457407,39.30447167,39.64736782,39.64736782
1037,7/3/2019,45750,46350,45200,45400,45400,9669368,samsungtech15-19,39.10969766,39.62261173,38.63952643,38.81049779,38.81049779
1038,7/4/2019,45250,46200,45250,46000,46000,6365573,samsungtech15-19,38.70997567,39.52267129,38.70997567,39.35157748,39.35157748
1039,7/5/2019,45950,45950,45250,45650,45650,7235395,samsungtech15-19,39.24341831,39.24341831,38.64558604,38.98720448,38.98720448
1040,7/8/2019,44750,44800,44350,44400,44400,7823843,samsungtech15-19,37.96101946,38.00343401,37.62170309,37.66411763,37.66411763
1041,7/9/2019,44850,45450,44700,45100,45100,7646421,samsungtech15-19,37.92643674,38.43381382,37.79959247,38.13784385,38.13784385
1042,7/10/2019,45550,46150,45500,45550,45550,9253930,samsungtech15-19,38.56528399,39.07327895,38.52295108,38.56528399,38.56528399
1043,7/11/2019,46350,46550,46150,46200,46200,10989751,samsungtech15-19,39.50512828,39.6755927,39.33466387,39.37727997,39.37727997
1044,7/12/2019,46350,46400,45800,46300,46300,5245804,samsungtech15-19,39.31412387,39.35653393,38.84761323,39.27171381,39.27171381
1045,7/15/2019,45950,46650,45750,46450,46450,4717226,samsungtech15-19,38.96241911,39.55597065,38.79283296,39.3863845,39.3863845
1046,7/16/2019,46450,46850,46300,46850,46850,7407824,samsungtech15-19,39.40499263,39.74432518,39.27774292,39.74432518,39.74432518
1047,7/17/2019,46150,46350,45950,46050,46050,5216602,samsungtech15-19,39.07149274,39.24081665,38.90216883,38.98683078,38.98683078
1048,7/18/2019,46450,46450,45650,46100,46100,5143554,samsungtech15-19,39.42959207,39.42959207,38.75050329,39.13249073,39.13249073
1049,7/19/2019,46650,46950,46600,46800,46800,8819393,samsungtech15-19,39.70017133,39.95547789,39.65762023,39.82782461,39.82782461
1050,7/22/2019,46800,47300,46600,47200,47200,9009109,samsungtech15-19,39.75203357,40.17673478,39.58215308,40.09179454,40.09179454
1051,7/23/2019,47350,47550,47050,47300,47300,9061381,samsungtech15-19,40.1695912,40.33926212,39.91508481,40.12717347,40.12717347
1052,7/24/2019,47100,47150,46250,46400,46400,8756522,samsungtech15-19,40.00808253,40.05055396,39.28606831,39.41348258,39.41348258
1053,7/25/2019,47150,47200,46600,47200,47200,8408838,samsungtech15-19,39.93966056,39.98201439,39.47376844,39.98201439,39.98201439
1054,7/26/2019,46650,47150,46550,47150,47150,7873886,samsungtech15-19,39.42871778,39.85131925,39.34419748,39.85131925,39.85131925
1055,7/29/2019,46800,47050,46000,46100,46100,6856846,samsungtech15-19,39.5171094,39.72820507,38.84160326,38.92604152,38.92604152
1056,7/30/2019,46300,46850,46300,46550,46550,5551014,samsungtech15-19,39.20517745,39.6708977,39.20517745,39.41686848,39.41686848
1057,7/31/2019,46200,46600,45000,45350,45350,12872916,samsungtech15-19,39.08031102,39.41866869,38.065238,38.36130097,38.36130097
1058,8/1/2019,44900,45500,44850,45200,45200,7811181,samsungtech15-19,37.72313653,38.2272319,37.68112859,37.97518422,37.97518422
1059,8/5/2019,44350,44600,43600,43950,43950,14214086,samsungtech15-19,36.46912137,36.67469702,35.8523944,36.14020032,36.14020032
1060,8/6/2019,42500,43800,42500,43500,43500,15083824,samsungtech15-19,35.02840156,36.09985854,35.02840156,35.85259924,35.85259924
1061,8/7/2019,43600,43900,43100,43200,43200,10002533,samsungtech15-19,35.86640622,36.11319341,35.45509422,35.53735662,35.53735662
1062,8/8/2019,43250,43500,42650,42650,42650,16926881,samsungtech15-19,35.77531482,35.98210855,35.27900987,35.27900987,35.27900987
1063,8/9/2019,43250,43350,43050,43150,43150,9685147,samsungtech15-19,35.70975115,35.79231705,35.54461935,35.62718525,35.62718525
1064,8/12/2019,44000,44000,43550,43700,43700,8466169,samsungtech15-19,36.09512293,36.09512293,35.72596827,35.84901982,35.84901982
1065,8/13/2019,43500,43500,42950,43000,43000,7276979,samsungtech15-19,35.54886397,35.54886397,35.09939557,35.14025634,35.14025634
1066,8/14/2019,43900,44250,43500,43700,43700,8750135,samsungtech15-19,36.15408171,36.44232609,35.82465955,35.98937063,35.98937063
1067,8/16/2019,43800,43900,43300,43900,43900,9528115,samsungtech15-19,36.24150605,36.32424922,35.82779023,36.32424922,36.32424922
1068,8/19/2019,44350,44350,43500,43600,43600,6014218,samsungtech15-19,36.6617069,36.6617069,35.95905862,36.04172313,36.04172313
1069,8/20/2019,43950,44600,43550,44450,44450,8434205,samsungtech15-19,36.38791132,36.92607155,36.05673579,36.80188073,36.80188073
1070,8/21/2019,44350,44800,44150,44500,44500,6571717,samsungtech15-19,36.86675301,37.24082378,36.70049933,36.99144327,36.99144327
1071,8/22/2019,44500,44700,43850,44050,44050,8061177,samsungtech15-19,36.77831304,36.94360883,36.24110172,36.40639751,36.40639751
1072,8/23/2019,43800,44200,43650,43950,43950,5017381,samsungtech15-19,36.135596,36.46560144,36.01184396,36.25934804,36.25934804
1073,8/26/2019,43050,43800,42950,43600,43600,7954949,samsungtech15-19,35.4786999,36.09679572,35.39628713,35.93197017,35.93197017
1074,8/27/2019,43650,44200,43600,44050,44050,16883932,samsungtech15-19,35.99812838,36.45171305,35.95689341,36.32800814,36.32800814
1075,8/28/2019,44100,44400,43750,44150,44150,5758333,samsungtech15-19,36.32636179,36.5734799,36.03805733,36.36754814,36.36754814
1076,8/29/2019,44200,44200,43050,43400,43400,10768862,samsungtech15-19,36.52080208,36.52080208,35.57060022,35.85979209,35.85979209
1077,8/30/2019,43750,44300,43750,44000,44000,9899073,samsungtech15-19,36.21522491,36.67050202,36.21522491,36.42216905,36.42216905
1078,9/2/2019,44850,44850,43650,43800,43800,7185537,samsungtech15-19,37.00026326,37.00026326,36.01028966,36.13403636,36.13403636
1079,9/4/2019,43250,44100,43150,44100,44100,12441837,samsungtech15-19,35.88425103,36.58949065,35.80128167,36.58949065,36.58949065
1080,9/5/2019,44800,46100,44450,45700,45700,18297430,samsungtech15-19,37.41962384,38.50546114,37.12728303,38.17135735,38.17135735
1081,9/6/2019,46500,46500,45850,46300,46300,9896562,samsungtech15-19,39.00111811,39.00111811,38.45594119,38.83337136,38.83337136
1082,9/9/2019,46450,47000,46300,46900,46900,9434157,samsungtech15-19,38.94276172,39.40387085,38.81700469,39.32003283,39.32003283
1083,9/11/2019,47300,47400,46800,47150,47150,16141619,samsungtech15-19,39.65755063,39.74139324,39.23833763,39.53178673,39.53178673
1084,9/16/2019,47000,47100,46400,47100,47100,15550926,samsungtech15-19,39.69413458,39.77859019,39.18740095,39.77859019,39.77859019
1085,9/17/2019,47000,47100,46800,46900,46900,7006280,samsungtech15-19,39.50916784,39.5932299,39.34104372,39.42510578,39.42510578
1086,9/18/2019,46900,47700,46800,47700,47700,10413027,samsungtech15-19,39.38442662,40.0562292,39.30045129,40.0562292,40.0562292
1087,9/19/2019,48050,49200,47850,49150,49150,16461413,samsungtech15-19,40.23556717,41.19854121,40.06809343,41.15667277,41.15667277
1088,9/20/2019,49400,49600,49100,49200,49200,15460210,samsungtech15-19,41.55471157,41.72294927,41.30235502,41.38647387,41.38647387
1089,9/23/2019,49250,49300,49000,49300,49300,7568553,samsungtech15-19,41.13309435,41.17485383,40.92429691,41.17485383,41.17485383
1090,9/24/2019,49050,49650,48850,49500,49500,7871955,samsungtech15-19,41.08347289,41.58602302,40.91595618,41.46038549,41.46038549
1091,9/25/2019,49200,49350,48800,48900,48900,9187141,samsungtech15-19,40.9828958,41.10784366,40.64970153,40.7330001,40.7330001
1092,9/26/2019,49000,49250,48900,49200,49200,8494756,samsungtech15-19,40.7913784,40.99949768,40.70813069,40.95787383,40.95787383
1093,9/27/2019,48000,48700,48000,48400,48400,8048041,samsungtech15-19,40.05341677,40.63752909,40.05341677,40.38719524,40.38719524
1094,9/30/2019,48050,49250,47900,49050,49050,9497119,samsungtech15-19,40.09843811,41.09985592,39.97326088,40.93295295,40.93295295
1095,10/1/2019,48900,49100,48650,48850,48850,6206035,samsungtech15-19,40.66293798,40.82924857,40.45504975,40.62136033,40.62136033
1096,10/2/2019,48350,48400,47600,47600,47600,8382463,samsungtech15-19,40.07159384,40.11303292,39.45000759,39.45000759,39.45000759
1097,10/7/2019,48350,48700,47650,47750,47750,7047273,samsungtech15-19,40.41298282,40.70552768,39.8278931,39.91147734,39.91147734
1098,10/8/2019,47900,49000,47600,48900,48900,14239367,samsungtech15-19,39.97458239,40.89257906,39.72421966,40.80912482,40.80912482
1099,10/10/2019,48200,49200,48000,48550,48550,18639855,samsungtech15-19,40.40262336,41.24085206,40.23497762,40.6960034,40.6960034
1100,10/11/2019,49000,49450,48800,49150,49150,7783275,samsungtech15-19,41.34975279,41.72949542,41.18097829,41.47633367,41.47633367
1101,10/14/2019,50000,50300,49850,50000,50000,11130635,samsungtech15-19,42.1977568,42.45094334,42.07116353,42.1977568,42.1977568
1102,10/15/2019,49900,50200,49900,50100,50100,6058105,samsungtech15-19,42.07162718,42.32456281,42.07162718,42.24025094,42.24025094
1103,10/16/2019,50700,50900,50400,50700,50700,9136282,samsungtech15-19,42.65266957,42.82092468,42.40028691,42.65266957,42.65266957
1104,10/17/2019,50500,50600,50100,50500,50500,6701380,samsungtech15-19,42.83430521,42.91912562,42.49502358,42.83430521,42.83430521
1105,10/18/2019,50300,50900,49650,49900,49900,8483106,samsungtech15-19,42.64858901,43.1573197,42.09746411,42.30943523,42.30943523
1106,10/21/2019,49900,50400,49800,50300,50300,4406531,samsungtech15-19,42.59095979,43.01772291,42.50560716,42.93237029,42.93237029
1107,10/22/2019,50800,51500,50700,51200,51200,10898729,samsungtech15-19,43.29843854,43.89507057,43.21320539,43.63937113,43.63937113
1108,10/23/2019,51300,51500,50800,51200,51200,8663880,samsungtech15-19,43.77689209,43.94756224,43.35021673,43.69155702,43.69155702
1109,10/24/2019,52500,52500,50500,50700,50700,21185785,samsungtech15-19,44.75649836,44.75649836,43.0514889,43.22198984,43.22198984
1110,10/25/2019,50800,51200,50500,50900,50900,7879897,samsungtech15-19,43.24075195,43.58123031,42.98539318,43.32587154,43.32587154
1111,10/28/2019,50700,51500,50700,51300,51300,6431522,samsungtech15-19,43.33597255,44.01977488,43.33597255,43.8488243,43.8488243
