<<<<<<< HEAD
,0,neg,neu,pos,net
0,['Samsung One UI 2 Gets an Official Reveal With Smarter Dark Mode More'],0,0.786,0.214,-0.214
1,['Samsung Unveils Another Smart Speaker That May Never Launch'],0,0.748,0.252,-0.252
2,['Samsung Showcases Foldable Phone Concept With Clamshell Design'],0,1,0,0
3,['Pixel 4 XL Teardown Reveals Samsung Display Almost Decent Repairability Score'],0,1,0,0
4,['Samsung Issues Statement on Fingerprint Vulnerability Software Update is Coming'],0.174,0.826,0,0.174
5,['Samsung Galaxy S10 owners any luck enrolling in the Android 10One UI 20 beta yet The Samsung Members app appears to be having issues'],0,0.885,0.115,-0.115
6,['Samsung One UI Beta for Android 10 Arrives Today in US on Galaxy S10 Line'],0,1,0,0
7,['DEAL Samsung Offers 500 Off Galaxy Note 10 With Select TradeIn Throwing in Free 200 Credit or Wearable Bundle '],0,0.753,0.247,-0.247
8,['Samsung confirms Unlocked ATampT and TMobile Galaxy S10 S10 and S10e models will have first dibs at the Android '],0,1,0,0
9,['Samsung Confirms One UI 20 Coming Soon to Galaxy S10 Lineup'],0,1,0,0
10,['Samsung Pay Gets International Money Transfers'],0.219,0.781,0,0.219
11,['Lets unbox Samsungs 1980 Galaxy Fold galaxyfold '],0,1,0,0
12,['Report Samsung Launching Android 10 Beta Next Month'],0,1,0,0
13,['Samsung Says Hundreds of Apps Now Optimized for Galaxy Fold galaxyfold '],0,0.786,0.214,-0.214
14,['  what are the samsung issues as for iphone vs p4 we wont have any good idea until next m '],0.112,0.888,0,0.112
15,['Samsung Finally Cancels Original Galaxy Fold PreOrders Offers 250 Credit galaxyfold '],0.12,0.57,0.31,-0.19
16,['Samsungs Galaxy Fold is Back Available for Purchase This Month galaxyfold '],0,1,0,0
17,['Discord Integration Arrives for Samsungs Game Launcher App'],0,1,0,0
18,['Samsung Galaxy Note 10 Review It Doesnt Get Much Better Than This'],0.179,0.821,0,0.179
19,['Samsung still offering 600 off Galaxy Note 10 purchases with eligible tradeins '],0,1,0,0
20,['Samsung Keeps Note 10s 600Off Trade Deal Alive Adds 4 Months Free YouTube Premium GalaxyNote10 '],0,0.688,0.312,-0.312
21,['Windows and Mac apps for Samsungs DeX arrive '],0,1,0,0
22,['If you own a Samsung Galaxy phone on Verizon youre likely getting the August patch right now'],0,1,0,0
23,['Windows and Mac Apps for Samsungs DeX are Live '],0,1,0,0
24,['Video Appears to Show Off Samsungs One UI 20 Running Atop Android 10'],0,1,0,0
25,['Samsung is so weird sometimes']-------,0.359,0.641,0,0.359
26,['Samsung Wins Today With Their Green Bubble GIFs'],0,0.654,0.346,-0.346
27,['Samsung Said to be Readying Graphene Batteries Capable of Insanely Fast Charge Times'],0,0.822,0.178,-0.178
28,['Samsung Still Cutting 600 Off Note 10 With Select TradeIns Ups Galaxy S9 Value to 350 galaxynote10 '],0.075,0.804,0.121,-0.046
29,['Samsungs Galaxy Home smart speaker is still in development a year after being announced '],0,0.828,0.172,-0.172
30,['Samsung Still Working to Refine and Enhance BixbyPowered Galaxy Home Speaker'],0,1,0,0
31,['Samsung Galaxy Note 10 and Note 10 Official PreOrders Start Tomorrow for 949'],0,1,0,0
32,['Samsung Galaxy Note 10 Galaxy Note 10 Specs Official galaxynote10 '],0,1,0,0
33,['Samsungs Galaxy Watch Active 2 is now official launches next month '],0,0.787,0.213,-0.213
34,['Samsung Galaxy Watch Active 2 Official Priced Starting at 279 With PreOrders in September'],0,0.816,0.184,-0.184
35,['Samsung is watering down the Note line with the Galaxy Note 10'],0,1,0,0
36,['Samsung is Watering Down the Note Line for No Good Reason'],0.156,0.638,0.206,-0.05
37,['Samsung has a new 650 tablet for those interested in Android tablets'],0,0.787,0.213,-0.213
38,['Samsungs Galaxy Tab S6 is a 649 Tablet in a World Without Many Android Tablets'],0,1,0,0
39,['Samsung to Announce Galaxy Tab S6 Watch Active 2 Prior to Note 10 Event'],0,0.816,0.184,-0.184
40,['Samsung offers upto 600 off Note 10 with specific trades '],0,1,0,0
41,['Official Samsungs Galaxy Fold is ReLaunching in September galaxyfold '],0,1,0,0
42,['Samsungs Galaxy Watch Active Gets a Big Ol Update'],0,0.722,0.278,-0.278
43,[' nothing is confirmed samsung hasnt yet announced if the phone will indeed feature a battery '],0,1,0,0
44,[' the 12GB packages combining eight of the 12Gb chips arent yet in mass production Samsung says later t '],0,1,0,0
45,['Samsung Readying 12Gb LPDDR5 Mobile DRAM for Galaxy Note 10'],0,1,0,0
46,['Pujie Black Available for Samsung Galaxy Wearables'],0,1,0,0
47,['Samsungs Galaxy Fold was pushed out too early guys galaxyfold '],0,1,0,0
48,['Samsung is offering really solid tradein values for older phones like 350 for the Galaxy S8'],0,0.639,0.361,-0.361
49,['This Might Shock You but the Samsung Galaxy Fold was Rushed galaxyfold '],0.13,0.87,0,0.13
50,['DEAL Samsung Goes Wild With Trades Toward Galaxy S10 350Off for a Galaxy S8 galaxys10 '],0,1,0,0
51,['Verizon TMobile Samsung and LG Devices Getting Security Patches'],0,0.769,0.231,-0.231
52,['Samsung irons out most Galaxy Fold issues is ready to release it to market '],0,0.848,0.152,-0.152
53,['Samsung Most Galaxy Fold Display Issues Ironed Out Ready for Launch'],0,0.8,0.2,-0.2
54,['DEAL Samsung Galaxy Buds are 9999 at Verizon 30 Off'],0,1,0,0
55,['Samsung Galaxy Fit Activity Tracker Now Available for 99'],0,0.762,0.238,-0.238
56,['Samsung celebrates 10th anniversary of Galaxy with deals and promos '],0,0.73,0.27,-0.27
57,['Samsung Galaxy Home Launch Still Happening Scheduled for Q3'],0,1,0,0
58,['Today is Galaxy Day MonthLong Celebration With Deals and Promos From Samsung'],0,1,0,0
59,['Samsung has plans for 100W USBC chargers '],0,1,0,0
60,['Samsung has Plans for 100W USBC Chargers'],0,1,0,0
61,['Samsung Loves Its Hole Punches Shares Free DisneyPixar Wallpapers for Galaxy S10 galaxys10 '],0,0.545,0.455,-0.455
62,['DEAL Samsungs Fast Wireless Charger is 50 Off Down to 1499'],0,1,0,0
63,['With Still No Word From Samsung Best Buy Cancels All Galaxy Fold PreOrders'],0.224,0.546,0.23,-0.006
64,['We Hope Samsungs New 5x Optical Zoom Lens Ships With the Galaxy Note 10'],0,0.818,0.182,-0.182
65,['One UI update rolling out to Samsungs wearable lineup starting this week '],0,1,0,0
66,['Samsung Announces One UI for Wearable Lineup Highlights Better Battery and Cleaner UI'],0,0.705,0.295,-0.295
67,['Upcoming Phone Designs From OPPO Samsung and Huawei Might Get Weird'],0,1,0,0
68,['Samsung ups its tradein offer to 400 off a Galaxy S10 '],0,1,0,0
69,['Samsung Galaxy Fold supposedly ready to make a comeback '],0,0.762,0.238,-0.238
70,['DEAL Samsung Ups Tradein Offer to 400 Off Galaxy S10 galaxys10 '],0,1,0,0
71,['Samsungs Galaxy Fold is Ready to Return galaxyfold '],0,0.762,0.238,-0.238
72,['Samsung is Still Trying to Fix the Galaxy Fold Asks if People Want to Keep PreOrders galaxyfold '],0,0.929,0.071,-0.071
73,['DEAL Samsung Gear S3 Frontier Drops to 109 With 90 Discount'],0,1,0,0
74,['Samsung Pay support comes to Simple Bank '],0.139,0.594,0.267,-0.128
75,['Simple Bank Finally Finally Adds Support for Samsung Pay'],0,0.748,0.252,-0.252
76,['DEAL Samsung Will Still Give You 200 Off the Galaxy S10 for Trading in Any Smartphone galaxys10 '],0,1,0,0
77,['Samsungs Galaxy View 2 looks pretty good when compared to the original '],0,0.517,0.483,-0.483
78,['Samsung officially delays launch of the Galaxy Fold '],0,1,0,0
79,['Samsung Galaxy View 2 Looks Way Better Than the Original'],0,0.734,0.266,-0.266
80,['Samsung confirms Galaxy Fold delay as it investigates and runs internal tests '],0.161,0.839,0,0.161
81,['Samsung Might Have Delayed the Galaxy Fold galaxyfold '],0.192,0.808,0,0.192
82,['DEAL Samsung Offering Instant 300 Off Galaxy S10 With Trade galaxys10 '],0,1,0,0
83,['Samsung Spins Bright Night Camera Feature Into Standalone Mode'],0,0.734,0.266,-0.266
84,['Samsung Quickly Sold Out of the 2000 Galaxy Fold galaxyfold '],0,1,0,0
85,['Samsungs Galaxy Fold has support for all major US carrier bands '],0,0.803,0.197,-0.197
86,['Samsungs Galaxy Fold has Support for All Major US Carriers Bands galaxyfold '],0,0.816,0.184,-0.184
87,['How has your experience been with Samsungs tradein program '],0,1,0,0
88,['Hows Your Experience Been With Samsungs TradeIn Program galaxys10 '],0,1,0,0
89,['Invitations to purchase Samsungs 1980 Galaxy Fold apparently roll out tomorrow '],0,1,0,0
90,['Samsung Says You Should SignUp Today to be First in Line to Purchase Galaxy Fold galaxyfold '],0,1,0,0
91,['Samsung Galaxy A80 Trades Notches and Cutouts for PopUp Flippy Camera'],0,1,0,0
92,['DEAL Need More Storage Get a Samsung 128GB MicroSD for 20'],0,1,0,0
93,['DEAL Samsung Will Give You 200 TradeIn Value Towards Galaxy S10 for Any Android Device Even If Its Cracked'],0,0.882,0.118,-0.118
94,['Samsung shows the Galaxy Fold can fold a lot of times '],0,1,0,0
95,['Samsungs 550 Off TradeIn Galaxy S10 Deal is Still Live Plus BOGO ATampT and Verizon galaxys10 '],0,1,0,0
96,['DEAL Samsung Wireless Charging Pad is 15 10000mAh Fast Battery Pack is 16 galaxys10 '],0,1,0,0
97,['Poll Do Your Own a Google Samsung or OnePlus Phone'],0,1,0,0
98,['Heres the 2000 ATampT Samsung Galaxy Fold Being Fondled galaxyfold '],0,1,0,0
99,['Samsung still offering up to 550 in tradein credit towards the purchase of a Galaxy S10 '],0,0.852,0.148,-0.148
100,['You Still Have Time to Take Advantage of Samsungs 550 Tradein Offer for the Galaxy S10'],0,0.882,0.118,-0.118
101,['Samsung Galaxy S10e Review Yo This is the Phone galaxys10e '],0,1,0,0
102,['Samsung Galaxy S10 Review Mostly Excellence Slight Disappointment'],0,0.631,0.369,-0.369
103,['DEAL Samsungs Excellent Galaxy Buds 25 Off at ATampT'],0,0.684,0.316,-0.316
104,['Time probably running out to take advantage of Samsungs really good tradein offer '],0,0.698,0.302,-0.302
105,['Samsungs Good Lock app gets updated to work with Android Pie '],0,0.791,0.209,-0.209
106,['Samsungs Good Lock App Updated to Work With Android Pie'],0,0.756,0.244,-0.244
107,['Report Your Samsung Galaxy Depreciates at Alarming Rate 42 in Month One'],0.12,0.88,0,0.12
108,['Samsung is Folding Sht in All the Directions'],0,1,0,0
109,[' samsung tho lol']--------------------,0,1,0,0
110,['Samsung Now Lets You Remap Bixby Button Just Not to Google Assistant'],0,1,0,0
111,['Buying the Galaxy Fold will be unlike most Samsung products '],0,1,0,0
112,['Everyone see Samsungs new Galaxy Fold video It shows a lot of the device in action'],0,1,0,0
113,['Samsung Releases the Galaxy Fold HandsOn Video You Wanted galaxyfold '],0,1,0,0
114,['Samsung Announces Galaxy S10 Family Starting at 900 galaxys10 '],0,1,0,0
115,['Samsung Announces New Galaxy Watch Active Galaxy Fit and Galaxy Buds'],0,0.634,0.366,-0.366
116,['Official Specs Samsung Galaxy S10 S10 S10 5G and S10e galaxys10 '],0,1,0,0
117,['Here is the Samsung Galaxy Fold galaxyfold '],0,1,0,0
118,['Watch Samsungs Galaxy S10 Galaxy Fold Event Live at 11AM Pacific'],0,1,0,0
119,['Samsung Galaxy Fold Samsung Galaxy Fold'],0,1,0,0
120,['And Heres a Samsung Galaxy S10 Promo Video Leak '],0.231,0.769,0,0.231
121,['Samsungs Internet browser gets a big One UI update'],0,1,0,0
122,['Samsung Internet Gets One UI Makeover Complete With Dark Mode Support'],0,1,0,0
123,['DEAL 300 Off Unlocked Samsung Galaxy Note 9 Today With Code galaxynote9 '],0,1,0,0
124,['Samsung Outs Its Entire New Galaxy Wearable Line Early'],0,1,0,0
125,['You can already reserve your Galaxy S10 from Samsung '],0,1,0,0
126,['Samsungs Galaxy S10 Arrives March 8 Get Up to 550 Off With Trade if You Reserve Now'],0,1,0,0
127,['Samsung keeps teasing the fold ']-----,0.206,0.794,0,0.206
128,['What Exactly is Samsung Trying to Tease Here'],0.247,0.753,0,0.247
129,['A Fresh Clean HighRes Look at Samsungs Galaxy S10 and Galaxy S10e'],0,0.667,0.333,-0.333
130,['Verizon Valentines Deals Arent Awful 300 Off Pixel 3 BOGO Samsung deals '],0,0.816,0.184,-0.184
131,['Samsung and fake Supreme are no longer working together'],0.356,0.403,0.242,0.114
132,['Samsung Galaxy S10 Galaxy S10 Stop by the FCC galaxys10 '],0.18,0.82,0,0.18
133,['DEAL Samsung Galaxy Note 9 S9 and S9 are 150 Off deals '],0,1,0,0
134,['Samsung brings out the cool concepts shows off foldable phone too'],0,0.813,0.187,-0.187
135,['Samsung pulled that concept video but we grabbed some extra screenshots from it'],0,1,0,0
136,['Samsung Teases Foldable Phone in Futuristic Concept Video'],0.239,0.761,0,0.239
137,['Samsung Galaxy Buds reported to launch with the Galaxy S10 '],0,1,0,0
138,['Samsung Just Made a 1TB UFS 21 Chip for Smartphones Probably the Galaxy S10 galaxys10  '],0,1,0,0
139,['Samsungs doing a bit better of a job at updating '],0,0.734,0.266,-0.266
140,['Hey Samsung Better Job With Pie Updates so Far'],0,0.734,0.266,-0.266
141,['Samsung Galaxy S9 Gets Android Pie One UI Update on First US Carrier galaxys9 '],0,1,0,0
142,['No bueno Samsung']--------------------,0,1,0,0
143,['This is Bad Samsung']-----------------,0.538,0.462,0,0.538
144,['Jesus Finally Target Will Soon Accept Google Pay Samsung Pay'],0.117,0.667,0.217,-0.1
145,['Heres Everything We Know About Samsungs GalaxyS10 so Far'],0,1,0,0
146,['Samsungs 5G Galaxy S10 Might Add an X to Its Name Go Nuts With Specs galaxys10 '],0.133,0.867,0,0.133
147,['DEAL Samsung Galaxy Note 9 S9 S9 All 200 Off With Up to 300 Off in Trades deals '],0,1,0,0
148,['There has been a ton of different Galaxy phones from Samsung over the years Which one stands out the most to you'],0,1,0,0
149,['Well also see a fully functional foldable from Samsung on February 20 '],0,1,0,0
150,['10 Years of Samsung Galaxy S Phones Which Stands Out the Most galaxys10 '],0,1,0,0
151,['Fully Functional Foldable From Samsung Coming on February 20 Too'],0,1,0,0
152,['Samsung is Announcing the Galaxy S10 on February 20 galaxys10 '],0,1,0,0
153,['Sprints Samsung 5G Phone is Coming This Summer sprint ces2019 '],0,1,0,0
154,['Samsung its time to move on from the curved display'],0,1,0,0
155,['I Just Need Samsung to Ditch the Curved Display Now galaxys10 '],0,1,0,0
156,['Samsung has another Pie roadmap with Galaxy Note 9 and Note 8 bumped up a month '],0,1,0,0
157,['Samsung Provides Different Pie Update Roadmap Galaxy Note 9 and Note 8 Bumped Up a Month'],0,1,0,0
158,['Samsungs Pie Update Roadmap Wont Make You Envious of Galaxy Owners'],0,0.846,0.154,-0.154
159,['Samsung is Coming for Googles Night Sight Camera Magic'],0,1,0,0
160,['Report Google Assistant Launching on 2019 Samsung Smart TV Lineup'],0,0.769,0.231,-0.231
161,['DEAL Samsung 10000mAh Fast Charge Battery Pack is 1599 19 Off deals '],0,1,0,0
162,['Verizon Updates Samsung Galaxy S7 S7 Edge LG V30'],0,1,0,0
163,['Samsung is now reevaluating its partnership with fake Supreme'],0.279,0.721,0,0.279
164,['DEAL Samsung Drops 300 Off Carrier Galaxy Note 9 250 Off Galaxy S9 galaxynote9 '],0,1,0,0
165,['Did Samsung just partner with a knockoff Supreme label to sell stuff in China Yes '],0,0.674,0.326,-0.326
166,['Samsung Embarrassingly Partners With Fake Supreme '],0.433,0.299,0.269,0.164
167,['Samsung Galaxy A8s With Infinity O Display Official for China'],0,1,0,0
168,['ATampT Announces Another Samsung 5G Device With Better Connectivity 5g '],0,0.775,0.225,-0.225
169,['ATampT says it will carry Samsungs 5G smartphone in early 2019 '],0,1,0,0
170,['ATampT Will Also Carry Samsungs 5G Phone Next Year'],0,1,0,0
171,['Verizon and Samsung launching 5G phone in first half of 2019 '],0,1,0,0
172,['DEAL Samsung Wireless Charger Duo for Just 50 on Amazon 70 Off'],0,0.866,0.134,-0.134
173,['Verizon and Samsung Launching 5G Phone in First Half of 2019 Proof of Concept Coming This Week'],0,1,0,0
174,['DEAL Verizon Galaxy Note 9 300 Off Today Only From Samsung GalaxyNote9 '],0,1,0,0
175,['Samsungs 12 Days of Deals is Here Save on TVs Phones and Get Free Stuff '],0,0.683,0.317,-0.317
176,['TMobile is giving away Samsung 50 4K TVs in new deal'],0,0.806,0.194,-0.194
177,['Samsung One UI Gets Updated Loads of Bug Fixes Inside'],0,1,0,0
178,['Buy a Samsung Galaxy on TMobile Get Free 50 4K Smart TV'],0,0.6,0.4,-0.4
179,['Huawei Beats Samsung to Full Display With Camera Cutout Hole '],0,1,0,0
180,['Looks like Project Fi will soon support Samsung OnePlus and iPhone devices '],0,0.679,0.321,-0.321
181,['Verizon Samsung Galaxy Devices LG V40 ThinQ Receive Security Patch Updates'],0,0.806,0.194,-0.194
182,['Samsung Cyber Monday Deals are Live CyberMondayDeals '],0,1,0,0
183,['Black Friday 2018 Best Google and Samsung Phone Deals BlackFriday2018 '],0,0.704,0.296,-0.296
184,['Dont sleep on Samsungs BlackFridayDeals'],0,1,0,0
185,['Samsung microSD cards are so cheap right now'],0,1,0,0
186,['Amazon matches Samsungs big BlackFridayWeek 200 off sale on Note 9 S9 and S9'],0,1,0,0
187,['Samsung EVO Select MicroSD Cards are Stupid Cheap Right Now 128GB for 1999 BlackFridayWeek '],0.195,0.805,0,0.195
188,['DEAL Amazon Matches Samsungs 200 Off Galaxy S9 S9 and Note 9 Deal BlackFriday2018 '],0,0.884,0.116,-0.116
189,['Samsungs BlackFriday2018 deals are here with up to 300 off Note 9 S9'],0,1,0,0
190,['Samsung Black Friday Deals Now Live Up to 300 Off Galaxy Note 9 S9 and S9 BlackFriday2018 '],0,1,0,0
191,['Video Tour of Samsungs new One UI on a Galaxy S9 galaxys9 '],0,1,0,0
192,['Samsungs One UI Beta with Android Pie goes live for Galaxy S9 S9'],0,1,0,0
193,['Samsung is going to annoy you over use of free themes'],0.191,0.592,0.217,-0.026
194,['Video First Look at Samsung One UI Beta on Galaxy S9 galaxys9 '],0,1,0,0
195,['Samsung One UI and Pie Beta Program Now Live in the US for S9 galaxys9 '],0,1,0,0
196,['Samsung Doesnt Want You Using Free Themes Anymore'],0.116,0.57,0.314,-0.198
197,['Samsung might skip the notch on Galaxy S10 and go with InfinityO'],0,1,0,0
198,['DEAL Verizon Galaxy S9 Note 9 are 100 Off From Samsung With 300 Bonus Bundle galaxynote9 '],0,0.811,0.189,-0.189
199,['Here are some display specs for Samsungs foldable Infinity Flex display'],0,1,0,0
200,['Heres a pretty Samsung One UI wallpaper for you'],0,0.686,0.314,-0.314
201,['A photo tour of Samsungs new One UI']-,0,1,0,0
202,['Samsung has notched displays in the works You OK Samsung fans'],0,0.773,0.227,-0.227
203,['Samsungs new One UI looks pretty is ready for Galaxy S9 and Note 9 beta testers'],0,0.695,0.305,-0.305
204,['And here is Samsungs first foldable display phone'],0,1,0,0
205,['Samsung Revealed Infinity Flex Display Specs for Its Foldable Phone'],0,1,0,0
206,['You Know You Want That Wallpaper From Samsungs One UI'],0,0.874,0.126,-0.126
207,['Heres a Photo Tour of Samsungs One UI'],0,1,0,0
208,['Samsung Who Laughed at Googles Notch is Ready to Introduce Notches Maybe'],0,0.645,0.355,-0.355
209,['Samsung One UI is the Software UX Refresh Weve Been Waiting For'],0,1,0,0
210,['Here is Samsungs Foldable Display Device'],0,1,0,0
211,['Samsung Experience aka TouchWiz refresh Yes please '],0,0.545,0.455,-0.455
212,['Samsungs Galaxy Home Bixby Speaker Arrives at FCC in Time for Launch Details'],0,1,0,0
213,['Watch Samsungs Developer Conference Where We May See a Foldable Phone'],0,1,0,0
214,['Were learning more about Samsungs foldable ahead of a potential unveiling this week at SDC '],0,1,0,0
215,['Samsung May Launch Android Pie Beta Program During SDC This Week'],0,1,0,0
216,['Latest Samsung Foldable Device Report Aligns With Concept Image From 2017'],0,1,0,0
217,['Samsung still seems confused on what foldable device will be '],0.187,0.813,0,0.187
218,['Samsung Still Seems Confused on Its Foldable Phone But Itll Run Special Android galaxys10 '],0.091,0.714,0.195,-0.104
219,['US Galaxy S10 Lineup Getting Note 10s Live Focus Video AR Doodle in New Update'],0,1,0,0
220,['One UI 20 Beta Opened to Galaxy Note 10 Lineup'],0,1,0,0
221,['Theres Something Off About These Galaxy Fold Reviews on Best Buy'],0,0.704,0.296,-0.296
222,['Our thoughts after a week with the Galaxy Fold '],0,1,0,0
223,['Galaxy Fold Thoughts After a Week of Folding My Phone'],0,1,0,0
224,['VIDEO Our Favorite Galaxy Fold Features galaxyfold '],0,0.7,0.3,-0.3
225,['Drop Test Confirms Dont Drop the Galaxy Fold'],0,0.794,0.206,-0.206
226,['Verizon Galaxy S9 S9 Getting September Security Patch'],0,0.745,0.255,-0.255
227,['My Galaxy Fold Display is Not Damaged After a Day galaxyfold '],0,0.806,0.194,-0.194
228,['Verizon Galaxy S8 S8 Note 8 and S10 5G Receive September Security Patch'],0,0.821,0.179,-0.179
229,['Podcast We Have the Galaxy Fold Show kicks off at 1230PM Pacific'],0,1,0,0
230,['RT  2 Galaxy Folds gt 4 iPhone 11 Pros lol '],0,0.588,0.412,-0.412
231,['Galaxy S10 Family Picking Up Suite of Note 10 Features in New Update'],0,1,0,0
232,['Galaxy Fold Arrives This Week in the US galaxyfold '],0,1,0,0
233,['We Crushed 8GB Data on Verizon 5G in 1 Minute With a Galaxy Note 10 5G 5G '],0.157,0.843,0,0.157
234,['Verizon Galaxy S10 Note 10 Lineups Updated With September Security Patch'],0,0.806,0.194,-0.194
235,['Android 10 beta for Galaxy S10 Galaxy Note 10 reported to launch next month '],0,1,0,0
236,['Pixel 4 XL Gets a Galaxy Note 10 Comparison Already pixel4'],0,1,0,0
237,['5 Reasons the Galaxy Note 10 is Worth Buying'],0,0.808,0.192,-0.192
238,['Second Galaxy arrives for Android ']--,0,1,0,0
239,['Second Galaxy Available for Android Reminds Me a Lot of EVE Online'],0,1,0,0
240,['Android 10 Update for TMobile Galaxy Note 10 Galaxy S10 Already in Testing'],0,1,0,0
241,['RT  PSA Public Software Announcement  GalaxyS10 devices getting SW update including bug fixes security updates amp Nigh'],0,0.87,0.13,-0.13
242,['Verizon Galaxy S10 Family Grabs a Fresh Update'],0,0.723,0.277,-0.277
243,['Hole punch wallpapers for your Note 10 are here galaxynote10 '],0,1,0,0
244,['Our Galaxy Note 10 review galaxynote10 '],0,1,0,0
245,['Cool Wallpapers to Go With Your GalaxyNote10 Camera Cutout'],0,1,0,0
246,['PSA Your GalaxyNote10 Doesnt Have a Dead Pixel Thats the Proximity Sensor'],0,0.744,0.256,-0.256
247,['We got a couple Galaxy Note 10 phones We did a podcast about it '],0,1,0,0
248,['A Lot of Galaxy Phones on Verizon are Getting Updated With August Security Patch'],0,0.844,0.156,-0.156
249,['VIDEO First 10 things to do with the Galaxy Note 10'],0,1,0,0
250,['Galaxy Note 10 First 10 Things to Dogalaxynote10'],0,1,0,0
251,['Last Chance to Get the Galaxy Note 10 150 PreOrder Credit galaxynote10 '],0,0.705,0.295,-0.295
252,['VIDEO Galaxy Note 10 Unboxing']-------,0,1,0,0
253,['Verizon Galaxy Note 10 lineup getting updated '],0,1,0,0
254,['Verizon Galaxy Note 10 Lineup Already Getting First Update'],0,1,0,0
255,['Galaxy Note 10 Orders Now Shipping With Wednesday Arrival galaxynote10 '],0,1,0,0
256,[' Galaxy Fold running KitKat Very nice P'],0,0.694,0.306,-0.306
257,['Both DxOMark and DisplayMate are loving the Galaxy Note 10 '],0,0.719,0.281,-0.281
258,['Both DxOMark and DisplayMate Love the Galaxy Note 10'],0,0.656,0.344,-0.344
259,['Handson with the Galaxy Note 10 and Note 10 '],0,1,0,0
260,['Video Galaxy Note 10 Note 10 First Look'],0,1,0,0
261,['These are the best deals for the Galaxy Note 10 so far '],0,0.741,0.259,-0.259
262,['600 off a Galaxy Note 10 aint bad at all '],0,0.759,0.241,-0.241
263,['All your Galaxy Note 10 specs are right here '],0,1,0,0
264,['Galaxy Note 10 is all official now Preorders start at midnight tonight priced starting at 949 '],0,1,0,0
265,['Poll Buying a Galaxy Note 10 galaxynote10 '],0,1,0,0
266,['Best Galaxy Note 10 Note 10 and Note 10 5G PreOrder Deals galaxynote10 '],0,1,0,0
267,['Reserve Your Galaxy Note 10 Now and Save Up to 600 With Eligible TradeIn'],0,0.802,0.198,-0.198
268,['You can watch the Note 10 event right here if you want GalaxyUnpacked '],0,0.909,0.091,-0.091
269,['Heres a Galaxy Note 10 Note 10 Official Feature Leak galaxynote10 '],0.194,0.806,0,0.194
270,['Verizon Galaxy S9 S9 and Note 9 Getting Dark Mode Camera Update'],0,1,0,0
271,['Galaxy Note 10 in some pretty colors '],0,0.686,0.314,-0.314
272,['This is probably the biggest Galaxy Note 10 leak of all '],0.179,0.821,0,0.179
273,['Heres the Galaxy Note 10 in Most of Its Pretty Colors'],0,0.743,0.257,-0.257
274,['Verizons Galaxy S10 Family Grabs Pair of Updates'],0,1,0,0
275,['The Big Galaxy Note 10 Leak is Here']-,0.255,0.745,0,0.255
276,['Verizons Galaxy Note 10 5G has been tested '],0,1,0,0
277,['Verizons Galaxy Note 10 5G has Been Tested GalaxyNote10 '],0,1,0,0
278,['Hi Galaxy Watch Active 2 ']-----------,0,0.597,0.403,-0.403
279,['Dont miss this weeks show We covered the TMoSprint merger Galaxy Note 10 and Pixel 4 '],0.096,0.904,0,0.096
280,['Heres the Galaxy Watch Active 2 Thanks to the FCC galaxywatchactive2 '],0,0.616,0.384,-0.384
281,['DEAL All Unlocked Galaxy S10 Phones are 400500 Off at Best Buy Today galaxys10 '],0,0.769,0.231,-0.231
282,['Galaxy Note 10 Launch Day is August 23 Reservations Now Open With 600 Off for TradeIns galaxynote10 '],0,1,0,0
283,['TMobile is done with the Galaxy Fold'],0,1,0,0
284,['Galaxy Fold is almost ready for its comeback in September'],0,0.803,0.197,-0.197
285,['TMobile Wont Sell the Galaxy Fold']---,0,1,0,0
286,['Galaxy Note 10 5G for Verizon Disclosed Appears to be Limited Time Exclusive'],0.137,0.863,0,0.137
287,['Verizon Galaxy S7 S7 Edge S8 S8 and Note 8 Get Updated Security Patches'],0,0.833,0.167,-0.167
288,['Galaxy Note 10 Note 10 Specs Reported to Include a Processor Display and Possibly Internal Storage'],0,1,0,0
289,['Visible Adds WiFi Calling Capability for Galaxy S9 S9'],0,1,0,0
290,['Here are the US Galaxy Note 10 Network Bands galaxynote10 '],0,1,0,0
291,['Galaxy Fold aced its latest tests and is ready for launch according to report '],0,0.848,0.152,-0.152
292,['Report Galaxy Fold Ready for Launch Following Latest Durability Tests'],0,0.783,0.217,-0.217
293,['Expect One UI 20 With Android Q Version 21 With Galaxy S11'],0,1,0,0
294,['Galaxy S10 S10 now start at 300 off for Prime Day'],0,1,0,0
295,['DEAL Unlocked Galaxy S10 Line is 200500 Off Right Now galaxys10 '],0,1,0,0
296,['Galaxy Note 10 Stops at the FCC Dancing the No Headphone Jack Dance galaxynote10 '],0.226,0.774,0,0.226
297,['Heres the Galaxy Note 10 ']-----------,0,1,0,0
298,['This is the Galaxy Note 10']----------,0,1,0,0
299,['Verizon Galaxy S10 S10 and S10e Grab New Updates With Performance Improvements galaxys10 '],0,0.85,0.15,-0.15
300,['We know when the Galaxy Note 10 will be announced'],0,1,0,0
301,['Invites Rolling Out Galaxy Note 10 Arrives August 7'],0,1,0,0
302,['Friday Phone Deals Pixel 2 XL for 10mo BOGO Galaxy S10'],0,1,0,0
303,['Shaky Camera Returns Heres the Galaxy Note 10'],0,1,0,0
304,['Giveaway Win 1 of 5 mophie Juice Pack Cases for Your Galaxy S10'],0,0.725,0.275,-0.275
305,['mophies 99 Juice Packs are a go for the Galaxy S10 lineup '],0,1,0,0
306,['DEAL Get MNML Cases for Pixel 3 Galaxy S10 for 1499 With Code 12 Off'],0,1,0,0
307,['mophies 99 Juice Packs for Galaxy S10 Lineup Offer Up to 2500mAh in Extra Battery Life'],0,1,0,0
308,['TMobile to Sell the Galaxy S10 5G in Select Cities on June 28'],0,1,0,0
309,['Friday Phone Deals Galaxy S10 at 300 Off Pixel 3 XL Up to 220 Off galaxys10 '],0,1,0,0
310,['Galaxy S7 and Galaxy S7 Edge Drop From Quarterly to Regular Security Updates'],0.135,0.71,0.155,-0.02
311,['Galaxy Note 10 rumored to feature camera with threestage variable aperture '],0,1,0,0
312,['Galaxy Note 10 Could Feature ThreeStage Variable Aperture Camera'],0,1,0,0
313,['Verizon Galaxy S9 S9 Updated to June Security Patch'],0,0.769,0.231,-0.231
314,['DEAL All Unlocked Galaxy S10 Models are 300 Off at Best Buy galaxys10 '],0,0.756,0.244,-0.244
315,['ATampT Business Customers Can Get the Galaxy S10 5G Starting June 17'],0,1,0,0
316,['Verizons Galaxy S9 S9 get RCS ']------,0,1,0,0
317,['Galaxy Note 10 renders confirm no headphone jack but weve got buttons galaxynote10 '],0.11,0.89,0,0.11
318,['Verizons Galaxy S9 S9 Get RCS Support and Proves That RCS is Dumb'],0,0.816,0.184,-0.184
319,['Galaxy Note 10 CAD Renders Detail Headphone JackLess Centered Display Cutout Beast Phone'],0,1,0,0
320,['Galaxy Home apparently scheduled for launch in Q3 '],0,1,0,0
321,['DEAL Unlocked 256GB Galaxy S10e is 650 Right Now Others 200 Off Too galaxys10 '],0,1,0,0
322,['Not Back Galaxy Note 10 Reportedly Ditches Headphone Jack All Buttons galaxynote10 '],0,1,0,0
323,['Its looking unlikely that the Galaxy Fold will launch in June '],0,1,0,0
324,['TMobile Galaxy S8 S8 and Note 8 Updated With May Security Patch'],0,0.806,0.194,-0.194
325,['Report Galaxy Fold Release in June is Unlikely'],0,1,0,0
326,['Galaxy S10 in Cardinal Red Yes please '],0,0.545,0.455,-0.455
327,['Mmm Heres the Galaxy S10 in Cardinal Red'],0,1,0,0
328,['Verizon Galaxy S10 Family Gets May Security Patch Camera Enhancements'],0,0.789,0.211,-0.211
329,['Verizon Galaxy S10 5G now available for purchase instore but there still isnt much of a 5G network to connect to '],0,1,0,0
330,['Verizons Galaxy S10 5G is Now Available Without Much of a 5G Network galaxys105g '],0,1,0,0
331,['Ill be leaving the Galaxy S10 for the OnePlus 7 Pro '],0,1,0,0
332,['Bye Bye Galaxy S10 Hello OnePlus 7 Pro'],0,1,0,0
333,['DEAL US Unlocked Galaxy S10 S10 and S10e All at Least 100 Off at Amazon galaxys10 '],0,0.904,0.096,-0.096
334,['Verizon Galaxy S10 S10 S10e Updated With April Security Patch'],0,0.789,0.211,-0.211
335,['DEAL Buy Unlocked Galaxy S9 or S9 Get a Free 512GB SD Card and Wireless Charger galaxys9 '],0,0.829,0.171,-0.171
336,['We discussed the Galaxy Fold drama on the DL Show this week '],0,1,0,0
337,['Verizon CEO says Galaxy Note 10 will have 5G '],0,1,0,0
338,['Galaxy S10 5G is up for preorder for those who are fortunate enough to live near 5G '],0,0.854,0.146,-0.146
339,['Verizon CEO Galaxy Note 10 Will Have 5G'],0,1,0,0
340,['Verizons Galaxy S10 5G starts at 1300'],0,1,0,0
341,['Get Ready for Verizon Galaxy S10 5G PreOrders and Bonuses galaxys105g '],0,0.621,0.379,-0.379
342,['Galaxy Fold teardown reveals its quite a fragile device '],0,1,0,0
343,['We now have specs and pricing for the Galaxy View 2 on ATampT Available this Friday for 37month on ATampT Next '],0,1,0,0
344,['Galaxy Fold Gets a Teardown an Accident Waiting to Happen'],0.279,0.721,0,0.279
345,['ATampT Unveils Galaxy View 2 on YouTube a 173 FHD Display Behemoth'],0,1,0,0
346,['Bright Night will now be a standalone camera mode on the Galaxy S10 '],0,1,0,0
347,['If youre buying a Galaxy Fold heres what NOT to do '],0,1,0,0
348,['Uh oh Galaxy Fold review units are breaking '],0,1,0,0
349,['If You Buy a Galaxy Fold Dont Remove Its Protective Layer galaxyfold '],0,1,0,0
350,['Galaxy Fold Review Units are Breaking GalaxyFold '],0,1,0,0
351,['Is the Galaxy Fold bad']--------------,0,1,0,0
352,['Early adopters you can preorder the Galaxy Fold'],0,1,0,0
353,['Verizon Galaxy Note 9 Receiving April Security Patch'],0,0.714,0.286,-0.286
354,['Galaxy Fold preorders are live galaxyfold '],0,1,0,0
355,['Galaxy Fold Reservations are Now Open galaxyfold '],0,1,0,0
356,['Galaxy A80 comes with popup flippy camera action '],0,1,0,0
357,['Dont know which Galaxy S10 to buy We can help '],0,0.787,0.213,-0.213
358,['Which Galaxy S10 Should You Buy galaxys10 '],0,1,0,0
359,['Ready to have your choice in Galaxy Note 10 models'],0,1,0,0
360,['US unlocked Galaxy S8 S8 and Note 8 grabbed their Pie One UI updates today'],0,1,0,0
361,['A Smaller Galaxy Note 10 Yes Please galaxynote10 '],0,0.583,0.417,-0.417
362,['US Unlocked Galaxy S8 S8 and Note 8 Now Receiving Pie and One UI Update'],0,1,0,0
363,['Verizon Galaxy S10 S10 and S10e All Receive New Update'],0,1,0,0
364,['DEAL Unlocked Galaxy S9 on sale for 499 S9 for 599 100 off '],0,1,0,0
365,['TMobile Galaxy Note 8 gets its Pie One UI update '],0,1,0,0
366,['DEAL Get an Unlocked Galaxy S9 for 499 Galaxy S9 for 599 100 Off'],0,1,0,0
367,['TMobile Galaxy Note 8 Pie One UI Update is Here'],0,1,0,0
368,['Report says Verizons Galaxy S10 5G will go on sale starting April 18 '],0,1,0,0
369,['VIDEO 5 reasons you should buy the Galaxy S10S10'],0,1,0,0
370,['Report Verizon Galaxy S10 5G Goes on Sale April 18'],0,1,0,0
371,['Video 5 Reasons to Buy the Galaxy S10S10'],0,1,0,0
372,['Verizon Galaxy S8 Note 8 get that Pie and One UI '],0,1,0,0
373,['Verizons Galaxy S8 and Note 8 Join the Pie One UI Update Party'],0,0.833,0.167,-0.167
374,['Verizon Galaxy S7 S7 Edge S9 and S9 Receive March Security Patch'],0,0.821,0.179,-0.179
375,['VIDEO 26 minutes worth of cases for the Galaxy S10 '],0,0.84,0.16,-0.16
376,['Galaxy S10 5G availability begins April 5 in South Korea '],0,1,0,0
377,['Video Need a Case for Your Galaxy S10 There Are Lots of Options to Choose From'],0,1,0,0
378,['We Know When You Can Start Buying the Galaxy S10 5G galaxys105g '],0,1,0,0
379,['Galaxy S7 is Old so Itll Now Only Get Quarterly Security Updates galaxys7 '],0,0.844,0.156,-0.156
380,['TMobile ATampT Galaxy Note 8 and S8 phones are getting that fresh slice of Pie '],0,0.859,0.141,-0.141
381,['Fresh Pie Updates for TMobile ATampT Galaxy Note 8 and S8 Phones are Here'],0,1,0,0
382,['That Energy Ring app now supports the Galaxy S10 too Sweet'],0,0.662,0.338,-0.338
383,['Report says the Galaxy Note 10 may have no physical buttons '],0.167,0.833,0,0.167
384,['Report Galaxy Note 10 Coming in August May Have No Physical Buttons'],0.167,0.833,0,0.167
385,['Here is the Galaxy FoldFolding galaxyfold '],0,1,0,0
386,['Energy Ring app turns your Galaxy S10 S10e display cutout into a battery level indicator '],0,1,0,0
387,['Sprint Galaxy S8 S8 and Note 8 Updated to Pie'],0,1,0,0
388,['Energy Ring for Galaxy S10 S10e Brings a Battery Indicator to Your Displays Cutout'],0,1,0,0
389,['ATampT Galaxy Fold in the wild sports a sweet display crease'],0,0.75,0.25,-0.25
390,['In this weeks podcast we cover our Galaxy S10 reviews and the launch of Android Q'],0,1,0,0
391,['This collection of wallpapers embrace the Galaxy S10s display cutout '],0,0.813,0.187,-0.187
392,['Our Galaxy S10e review is up We like it '],0,0.783,0.217,-0.217
393,['You Need These Wallpapers That Embrace Your GalaxyS10 Display Cutout'],0,0.796,0.204,-0.204
394,['Our Galaxy S10 review is here galaxys10 '],0,1,0,0
395,['280 off the Galaxy Note 9 right now at Amazon'],0,1,0,0
396,['DEAL US Unlocked Galaxy Note 9 Down to 719 at Amazon 280 off'],0,0.866,0.134,-0.134
397,['Weve got 20 tips amp tricks for the whole Galaxy S10 family'],0.12,0.88,0,0.12
398,['20 Galaxy S10 S10 amp S10e Tips and Tricks galaxys10 '],0.13,0.87,0,0.13
399,['Verizon Galaxy Note 9 Android Pie Update is Ready'],0,1,0,0
400,['Here are a few Galaxy S10e tricks you may not have known about '],0.111,0.889,0,0.111
401,['We have the first 10 things to do with the Galaxy S10 and S10 '],0,1,0,0
402,['Galaxy S10e Some of Its Cool Sht You May Not Know About galaxys10e '],0,0.85,0.15,-0.15
403,['Galaxy S10 First 10 Things to Do']----,0,1,0,0
404,['Ankers 10W Fast Wireless Charger at 1299 is Here for Your New GalaxyS10'],0,1,0,0
405,['Galaxy S10 Owners Treated to 6 Months of Spotify Premium 4 Months of YouTube Premium'],0,1,0,0
406,['Galaxy S10 preorders are arriving at the door What are your first impressions'],0,1,0,0
407,['We unbox the Galaxy S10 in Ceramic White'],0,1,0,0
408,['Your Galaxy S10 PreOrders are Here First Reactions GalaxyS10 '],0,1,0,0
409,['VIDEO Galaxy S10 Unboxing']-----------,0,1,0,0
410,['Probably Running Out of Time to Get 550 Off for Trades on Galaxy S10 galaxys10 '],0,1,0,0
411,['iFixit Tears Down the Galaxy S10 Lineup Finds Self Repairability to be a Nightmare'],0.137,0.863,0,0.137
412,['Weve got the first 10 things you should do with the Galaxy S10e '],0,1,0,0
413,['February patch rolling out to Verizon Galaxy S8 S8 and Note 8 '],0,1,0,0
414,[' Full review for Galaxy S10 will be 855 for sure but not sure about the 10e It will likely be a mi '],0,0.82,0.18,-0.18
415,['Galaxy S10e First 10 Things to Do']---,0,1,0,0
416,['Verizon Galaxy S8 S8 and Note 8 Receive February Security Patch'],0,0.789,0.211,-0.211
417,['Galaxy S10 receives A grade from DisplayMate '],0,1,0,0
418,['Galaxy S10 preorders are shipping out and will hit doorsteps a couple days early'],0,1,0,0
419,['We unboxed and went handson with the Galaxy S10e last week Its very bright '],0,0.814,0.186,-0.186
420,['DisplayMate Praises Galaxy S10 Most Color Accurate Display We Have Ever Tested'],0,0.764,0.236,-0.236
421,['Galaxy S10 preorders are shipping early galaxys10 '],0,1,0,0
422,['We unbox the Galaxy S10e In Canary Yellow Hot '],0,1,0,0
423,['TMobile Galaxy Note 9 gets Pie update '],0,1,0,0
424,['VIDEO Galaxy S10e Unboxing']----------,0,1,0,0
425,['Netflix Certifies Galaxy S10 Lineup for HDR Support'],0,1,0,0
426,['TMobile Galaxy Note 9 Receiving Pie Update'],0,1,0,0
427,['Poll Screen Protector or Nah galaxys10 '],0.189,0.811,0,0.189
428,['Galaxy S10 S10 preorders now come with a 130 gift certificate galaxys10 '],0,0.791,0.209,-0.209
429,['DEAL Galaxy S10 S10 PreOrders Now Include 130 Gift Certificate galaxys10 '],0,0.791,0.209,-0.209
430,['Verizon Galaxy S9 S9 and Moto Z2 Play Updated With February Security Patch'],0,0.696,0.304,-0.304
431,['4 rear cameras on the Galaxy Note 10 Sounds good '],0,0.775,0.225,-0.225
432,['Galaxy Note 10 Rumored to Sport 4 Rear Cameras Just Like the Galaxy S10 5G'],0,0.839,0.161,-0.161
433,['If Youre Planning to Buy a Galaxy Fold Note That Supplies Will be Limited'],0,1,0,0
434,['DEAL PreOrder New Galaxy Watch Active Get a Free 60 Wireless Charging Pad galaxywatchactive '],0,0.667,0.333,-0.333
435,['DxOMarks Galaxy S10 camera ranking makes it sound like an incredible shooter '],0,0.828,0.172,-0.172
436,['We Investigate Is the Galaxy Fold bad'],0,1,0,0
437,['Galaxy S10 wallpapers are now downloadable for all to enjoy '],0,0.758,0.242,-0.242
438,['Galaxy S10 Bixby button is completely remappable right out of the box '],0,1,0,0
439,['Buying a Galaxy S10e for 200 seems like a good bargain '],0,0.493,0.507,-0.507
440,['Galaxy S10 DxOMark Camera Ranking is Really Really Good'],0,1,0,0
441,['Is the Galaxy Fold Bad galaxyfold ']--,0.368,0.632,0,0.368
442,['Galaxy S10 Wallpapers are Available for Download'],0,1,0,0
443,['Galaxy S10 Bixby Button is Remappable Out of the Box'],0,1,0,0
444,['I Went Galaxy S10e Traded in a Galaxy S9 and Will Pay Just 200 galaxys10e '],0.091,0.909,0,0.091
445,['Galaxy S10 preorders are opening any minute  here are the prices deals etc galaxys10 '],0,1,0,0
446,['Poll You buying a Galaxy Fold']-------,0,1,0,0
447,['Galaxy S10 early preorder emails going out to those who reserved'],0,1,0,0
448,['Poll You buying a Galaxy S10 Which one'],0,1,0,0
449,['We played with the Galaxy S10 family'],0,0.714,0.286,-0.286
450,['The Galaxy Watch and Galaxy Buds']----,0,1,0,0
451,['Galaxy S10 family specs']-------------,0,1,0,0
452,['The Galaxy S10 galaxys10 ']-----------,0,1,0,0
453,['The Galaxy Fold galaxyfold']----------,0,1,0,0
454,['Galaxy S10 Availability Pricing Deals All Carriers Up to 1600 galaxys10 '],0,1,0,0
455,['Poll Are You Buying a Galaxy Fold']---,0,1,0,0
456,['OMG We Played With the Galaxy S10 Galaxy S10and S10e galaxys10 '],0,0.821,0.179,-0.179
457,['Poll Which GalaxyS10 are You Buying']-,0,1,0,0
458,['GALAXY FOLD']-------------------------,0,1,0,0
459,['Galaxy S10 promo videos are here and the phone hasnt been announced yet galaxys10 '],0,1,0,0
460,['We know of at least 1 screen protector thatll work properly with the Galaxy S10'],0,1,0,0
461,['Galaxy S10 leaks on Galaxy S10 leaks'],0,1,0,0
462,['Whitestone Screen Protector 2Pack for Galaxy S10 Costs 60 Doesnt Have Giant Hole'],0,1,0,0
463,['This Galaxy S10 S10 Video Wasnt Supposed to Arrive This Early galaxys10 '],0,1,0,0
464,['US Unlocked Galaxy S9 S9 Now Receiving Android Pie One UI Update'],0,1,0,0
465,['Unlocked Galaxy S9 Comes in Last Again With Big Updates'],0,1,0,0
466,['Our First Look at the Galaxy S10 in Luxurious Ceramic White'],0,1,0,0
467,['TMobile Galaxy S9 S9 units getting that Pie update once again '],0,1,0,0
468,['Haha This Galaxy S10 Screen Protector has a Giant Hole'],0,1,0,0
469,['TMobile Galaxy S9 Pie update is back and rolling out'],0,1,0,0
470,['Specs galore for the Galaxy S10 S10 and S10e '],0,1,0,0
471,['Galaxy S10 S10 S10e Finalized Specs Reportedly Detailed in Full'],0,1,0,0
472,['TMobile Galaxy S9 S9 Get Android 9 Pie Update and RCS Universal Profile 10'],0,1,0,0
473,['Galaxy S10 indisplay fingerprint reader probably confirmed'],0,1,0,0
474,['Galaxy S10 may have reverse wireless charging and thats not really as cool as you think'],0.126,0.874,0,0.126
475,['A First Look at the Galaxy S10 InDisplay Fingerprint Reader is Here'],0,1,0,0
476,['Reverse Wireless Charging in the Galaxy S10OK galaxys10 '],0,1,0,0
477,['Your Next Galaxy Note S Pen May Double as a Camera'],0,1,0,0
478,['Heres the Galaxy S10e the lower cost S10 model '],0.196,0.804,0,0.196
479,['Verizon Moto G6 G6 Play LG V40 Galaxy Note 8 and RED Hydrogen One Get Security Patches'],0,0.745,0.255,-0.255
480,['Heres the Galaxy S10e the Lower Cost Model'],0.239,0.761,0,0.239
481,['Highres Galaxy S10 and S10 images are here'],0,1,0,0
482,['Sprint and ATampT Galaxy S9 phones all got Pie and One UI updates today'],0,1,0,0
483,['So many GalaxyS10 pics today']--------,0,1,0,0
484,['Weve Got a First Galaxy Note 9 Pie Update in the US galaxynote9 '],0,1,0,0
485,['Heres a HighRes Image of the Galaxy S10 galaxys10 '],0,1,0,0
486,['Sprint Galaxy S9 Gets Android Pie One UI Update Too galaxys9 '],0,1,0,0
487,['Verizon Galaxy S9 and S9 get updated with Pie and One UI '],0,1,0,0
488,['Verizon Galaxy S9 S9 Now Getting Android Pie and One UI Update galaxys9 '],0,1,0,0
489,['Galaxy Buds Reported to Launch Alongside Galaxy S10'],0,1,0,0
490,['You buying the 1TB Galaxy S10']-------,0,1,0,0
491,['Galaxy S9 on Xfinity Mobile getting Android Pie One UI update '],0,1,0,0
492,['Android Pie Beta Now Open to US Galaxy S8 S8 and Note 8'],0,1,0,0
493,['This is our best look at the Galaxy S10 and S10 yet '],0,0.741,0.259,-0.259
494,['A Spicy New Look at the Galaxy S10 and Galaxy S10 galaxys10 '],0,1,0,0
495,['Blockchain KeyStore spotted in Galaxy S10 software '],0,1,0,0
496,['Is a 1500 Galaxy S10 with 5G connectivity DOA'],0,1,0,0
497,['Haha What Galaxy S10 Leak Reveals a Blockchain KeyStore galaxys10 '],0.211,0.789,0,0.211
498,['Galaxy S10 With 5G Reported to Cost Over 1500'],0,1,0,0
499,['Unlocked Galaxy Note 9 is even cheaper now than it was earlier today 270 off'],0,1,0,0
500,['DEAL US Unlocked Galaxy Note 9 is 754 at Amazon Today 245 Off galaxynote9 '],0,0.884,0.116,-0.116
501,['Heres the Galaxy S10 E Galaxy S10 and Galaxy S10 '],0,1,0,0
502,['Verizon LG V30 Galaxy S8 and S8 Updated With January Security Patch'],0,0.821,0.179,-0.179
503,['Wow Look at These Galaxy S10 Cases']--,0,1,0,0
504,['DEAL Unlocked Galaxy S9 at 525 is a Good Price galayxs9 '],0,0.775,0.225,-0.225
505,['Galaxy S8 S8 Note 8 One UI Beta Now Open in Select Markets'],0,1,0,0
506,['Everything we know about the Galaxy S10 and all of its variants in one handy dandy post '],0,1,0,0
507,['Reported specs for the Galaxy S10 X are nuts '],0.223,0.777,0,0.223
508,['Verizon Galaxy S8 S8 Get December Security Patch'],0,0.745,0.255,-0.255
509,['Galaxy S10 unveiling confirmed for February 20 '],0,1,0,0
510,['TMobile Galaxy Note 9 Note 8 get RCS Universal Profile 10 support'],0,1,0,0
511,['TMobile Galaxy Note 9 Note 8 Get RCS Universal Profile 10 Support'],0,1,0,0
512,['Oh This the Galaxy S10 galaxys10 ']---,0,1,0,0
513,['Actual Photo of Galaxy S10 Emerges Hole Punch Notch and All'],0,1,0,0
514,['Lots of Galaxy Phones on TMobile are Getting Security Patch Updates'],0,0.806,0.194,-0.194
515,['Verizon Galaxy S9 S9 and Note 8 Updated With December Security Patch'],0,0.806,0.194,-0.194
516,['Galaxy Note 9 Getting One UI Beta 2 Update With Lots of Bug Squashing'],0,1,0,0
517,['Galaxy A8s with InfinityO display is confirmed for China '],0,1,0,0
518,['One UI registration opens again for Galaxy Note 9 owners You best hurry'],0,0.724,0.276,-0.276
519,['Galaxy Note 9 owners you get in the One UI beta'],0,1,0,0
520,['One UI Beta Opened to Limited Number of Galaxy Note 9 Owners'],0.156,0.738,0.107,0.049
521,['Amazon is selling Galaxy devices at 200 discount bundled with Amazon Echo devices '],0,0.884,0.116,-0.116
522,['DEAL Amazon Selling Galaxy S9 S9 Note 9 200 Off With Free Echo 2nd Gen Echo Spot'],0,0.737,0.263,-0.263
523,['Camera Shootout Pixel 3 XL vs OnePlus 6T vs RED Hydrogen One vs Galaxy Note 9 vs Mate 20 Pro'],0,1,0,0
524,['Ready for a Galaxy S phone with 5G connectivity and 6 cameras Its apparently coming '],0,1,0,0
525,['Report Variant of Galaxy S10 to Offer 5G Four Rear Cameras'],0,1,0,0
526,['Galaxy S10 May Skip the Notch for an InfinityO Display galaxys10 '],0,1,0,0
527,['Black Friday deals for Google products Galaxy Phones are lookin good'],0,1,0,0
528,['Verizon Updates Galaxy S9 RED Hydrogen Moto Z and More'],0,1,0,0
529,['You Buying a Foldable Galaxy F Phone for 1700'],0,1,0,0
530,['Black Friday 2018 Deals Lookin Great for Pixel 3 Galaxy Phones deals '],0,0.728,0.272,-0.272
531,['Instant Tethering Comes to More Chromebooks and Android Devices'],0,1,0,0
532,,,,,
=======
,0,neg,neu,pos,net,netconclude
1,['Samsung One UI 2 Gets an Official Reveal With Smarter Dark Mode More'],0.0,0.786,0.214,0.214,Positive
2,['Samsung Unveils Another Smart Speaker That May Never Launch'],0.0,0.748,0.252,0.252,Positive
3,['Samsung Showcases Foldable Phone Concept With Clamshell Design'],0.0,1.0,0.0,0.0,Neutral
4,['Pixel 4 XL Teardown Reveals Samsung Display Almost Decent Repairability Score'],0.0,1.0,0.0,0.0,Neutral
5,['Samsung Issues Statement on Fingerprint Vulnerability Software Update is Coming'],0.174,0.826,0.0,-0.174,Negative
6,['Samsung Galaxy S10 owners any luck enrolling in the Android 10One UI 20 beta yet The Samsung Members app appears to be having issues'],0.0,0.885,0.115,0.115,Positive
7,['Samsung One UI Beta for Android 10 Arrives Today in US on Galaxy S10 Line'],0.0,1.0,0.0,0.0,Neutral
8,['DEAL Samsung Offers 500 Off Galaxy Note 10 With Select TradeIn Throwing in Free 200 Credit or Wearable Bundle '],0.0,0.753,0.247,0.247,Positive
9,['Samsung confirms Unlocked ATampT and TMobile Galaxy S10 S10 and S10e models will have first dibs at the Android '],0.0,1.0,0.0,0.0,Neutral
10,['Samsung Confirms One UI 20 Coming Soon to Galaxy S10 Lineup'],0.0,1.0,0.0,0.0,Neutral
11,['Samsung Pay Gets International Money Transfers'],0.219,0.781,0.0,-0.219,Negative
12,['Lets unbox Samsungs 1980 Galaxy Fold galaxyfold '],0.0,1.0,0.0,0.0,Neutral
13,['Report Samsung Launching Android 10 Beta Next Month'],0.0,1.0,0.0,0.0,Neutral
14,['Samsung Says Hundreds of Apps Now Optimized for Galaxy Fold galaxyfold '],0.0,0.786,0.214,0.214,Positive
15,['  what are the samsung issues as for iphone vs p4 we wont have any good idea until next m '],0.112,0.888,0.0,-0.112,Negative
16,['Samsung Finally Cancels Original Galaxy Fold PreOrders Offers 250 Credit galaxyfold '],0.12,0.57,0.31,0.19,Positive
17,['Samsungs Galaxy Fold is Back Available for Purchase This Month galaxyfold '],0.0,1.0,0.0,0.0,Neutral
18,['Discord Integration Arrives for Samsungs Game Launcher App'],0.0,1.0,0.0,0.0,Neutral
19,['Samsung Galaxy Note 10 Review It Doesnt Get Much Better Than This'],0.179,0.821,0.0,-0.179,Negative
20,['Samsung still offering 600 off Galaxy Note 10 purchases with eligible tradeins '],0.0,1.0,0.0,0.0,Neutral
21,['Samsung Keeps Note 10s 600Off Trade Deal Alive Adds 4 Months Free YouTube Premium GalaxyNote10 '],0.0,0.688,0.312,0.312,Positive
22,['Windows and Mac apps for Samsungs DeX arrive '],0.0,1.0,0.0,0.0,Neutral
23,['If you own a Samsung Galaxy phone on Verizon youre likely getting the August patch right now'],0.0,1.0,0.0,0.0,Neutral
24,['Windows and Mac Apps for Samsungs DeX are Live '],0.0,1.0,0.0,0.0,Neutral
25,['Video Appears to Show Off Samsungs One UI 20 Running Atop Android 10'],0.0,1.0,0.0,0.0,Neutral
26,['Samsung is so weird sometimes']-------,0.359,0.641,0.0,-0.359,Negative
27,['Samsung Wins Today With Their Green Bubble GIFs'],0.0,0.654,0.346,0.346,Positive
28,['Samsung Said to be Readying Graphene Batteries Capable of Insanely Fast Charge Times'],0.0,0.822,0.178,0.178,Positive
29,['Samsung Still Cutting 600 Off Note 10 With Select TradeIns Ups Galaxy S9 Value to 350 galaxynote10 '],0.075,0.804,0.121,0.046,Positive
30,['Samsungs Galaxy Home smart speaker is still in development a year after being announced '],0.0,0.828,0.172,0.172,Positive
31,['Samsung Still Working to Refine and Enhance BixbyPowered Galaxy Home Speaker'],0.0,1.0,0.0,0.0,Neutral
32,['Samsung Galaxy Note 10 and Note 10 Official PreOrders Start Tomorrow for 949'],0.0,1.0,0.0,0.0,Neutral
33,['Samsung Galaxy Note 10 Galaxy Note 10 Specs Official galaxynote10 '],0.0,1.0,0.0,0.0,Neutral
34,['Samsungs Galaxy Watch Active 2 is now official launches next month '],0.0,0.787,0.213,0.213,Positive
35,['Samsung Galaxy Watch Active 2 Official Priced Starting at 279 With PreOrders in September'],0.0,0.816,0.184,0.184,Positive
36,['Samsung is watering down the Note line with the Galaxy Note 10'],0.0,1.0,0.0,0.0,Neutral
37,['Samsung is Watering Down the Note Line for No Good Reason'],0.156,0.638,0.206,0.04999999999999999,Positive
38,['Samsung has a new 650 tablet for those interested in Android tablets'],0.0,0.787,0.213,0.213,Positive
39,['Samsungs Galaxy Tab S6 is a 649 Tablet in a World Without Many Android Tablets'],0.0,1.0,0.0,0.0,Neutral
40,['Samsung to Announce Galaxy Tab S6 Watch Active 2 Prior to Note 10 Event'],0.0,0.816,0.184,0.184,Positive
41,['Samsung offers upto 600 off Note 10 with specific trades '],0.0,1.0,0.0,0.0,Neutral
42,['Official Samsungs Galaxy Fold is ReLaunching in September galaxyfold '],0.0,1.0,0.0,0.0,Neutral
43,['Samsungs Galaxy Watch Active Gets a Big Ol Update'],0.0,0.722,0.278,0.278,Positive
44,[' nothing is confirmed samsung hasnt yet announced if the phone will indeed feature a battery '],0.0,1.0,0.0,0.0,Neutral
45,[' the 12GB packages combining eight of the 12Gb chips arent yet in mass production Samsung says later t '],0.0,1.0,0.0,0.0,Neutral
46,['Samsung Readying 12Gb LPDDR5 Mobile DRAM for Galaxy Note 10'],0.0,1.0,0.0,0.0,Neutral
47,['Pujie Black Available for Samsung Galaxy Wearables'],0.0,1.0,0.0,0.0,Neutral
48,['Samsungs Galaxy Fold was pushed out too early guys galaxyfold '],0.0,1.0,0.0,0.0,Neutral
49,['Samsung is offering really solid tradein values for older phones like 350 for the Galaxy S8'],0.0,0.639,0.361,0.361,Positive
50,['This Might Shock You but the Samsung Galaxy Fold was Rushed galaxyfold '],0.13,0.87,0.0,-0.13,Negative
51,['DEAL Samsung Goes Wild With Trades Toward Galaxy S10 350Off for a Galaxy S8 galaxys10 '],0.0,1.0,0.0,0.0,Neutral
52,['Verizon TMobile Samsung and LG Devices Getting Security Patches'],0.0,0.769,0.231,0.231,Positive
53,['Samsung irons out most Galaxy Fold issues is ready to release it to market '],0.0,0.848,0.152,0.152,Positive
54,['Samsung Most Galaxy Fold Display Issues Ironed Out Ready for Launch'],0.0,0.8,0.2,0.2,Positive
55,['DEAL Samsung Galaxy Buds are 9999 at Verizon 30 Off'],0.0,1.0,0.0,0.0,Neutral
56,['Samsung Galaxy Fit Activity Tracker Now Available for 99'],0.0,0.762,0.238,0.238,Positive
57,['Samsung celebrates 10th anniversary of Galaxy with deals and promos '],0.0,0.73,0.27,0.27,Positive
58,['Samsung Galaxy Home Launch Still Happening Scheduled for Q3'],0.0,1.0,0.0,0.0,Neutral
59,['Today is Galaxy Day MonthLong Celebration With Deals and Promos From Samsung'],0.0,1.0,0.0,0.0,Neutral
60,['Samsung has plans for 100W USBC chargers '],0.0,1.0,0.0,0.0,Neutral
61,['Samsung has Plans for 100W USBC Chargers'],0.0,1.0,0.0,0.0,Neutral
62,['Samsung Loves Its Hole Punches Shares Free DisneyPixar Wallpapers for Galaxy S10 galaxys10 '],0.0,0.545,0.455,0.455,Positive
63,['DEAL Samsungs Fast Wireless Charger is 50 Off Down to 1499'],0.0,1.0,0.0,0.0,Neutral
64,['With Still No Word From Samsung Best Buy Cancels All Galaxy Fold PreOrders'],0.224,0.546,0.23,0.006000000000000005,Positive
65,['We Hope Samsungs New 5x Optical Zoom Lens Ships With the Galaxy Note 10'],0.0,0.818,0.182,0.182,Positive
66,['One UI update rolling out to Samsungs wearable lineup starting this week '],0.0,1.0,0.0,0.0,Neutral
67,['Samsung Announces One UI for Wearable Lineup Highlights Better Battery and Cleaner UI'],0.0,0.705,0.295,0.295,Positive
68,['Upcoming Phone Designs From OPPO Samsung and Huawei Might Get Weird'],0.0,1.0,0.0,0.0,Neutral
69,['Samsung ups its tradein offer to 400 off a Galaxy S10 '],0.0,1.0,0.0,0.0,Neutral
70,['Samsung Galaxy Fold supposedly ready to make a comeback '],0.0,0.762,0.238,0.238,Positive
71,['DEAL Samsung Ups Tradein Offer to 400 Off Galaxy S10 galaxys10 '],0.0,1.0,0.0,0.0,Neutral
72,['Samsungs Galaxy Fold is Ready to Return galaxyfold '],0.0,0.762,0.238,0.238,Positive
73,['Samsung is Still Trying to Fix the Galaxy Fold Asks if People Want to Keep PreOrders galaxyfold '],0.0,0.929,0.071,0.071,Positive
74,['DEAL Samsung Gear S3 Frontier Drops to 109 With 90 Discount'],0.0,1.0,0.0,0.0,Neutral
75,['Samsung Pay support comes to Simple Bank '],0.139,0.594,0.267,0.128,Positive
76,['Simple Bank Finally Finally Adds Support for Samsung Pay'],0.0,0.748,0.252,0.252,Positive
77,['DEAL Samsung Will Still Give You 200 Off the Galaxy S10 for Trading in Any Smartphone galaxys10 '],0.0,1.0,0.0,0.0,Neutral
78,['Samsungs Galaxy View 2 looks pretty good when compared to the original '],0.0,0.517,0.483,0.483,Positive
79,['Samsung officially delays launch of the Galaxy Fold '],0.0,1.0,0.0,0.0,Neutral
80,['Samsung Galaxy View 2 Looks Way Better Than the Original'],0.0,0.734,0.266,0.266,Positive
81,['Samsung confirms Galaxy Fold delay as it investigates and runs internal tests '],0.161,0.839,0.0,-0.161,Negative
82,['Samsung Might Have Delayed the Galaxy Fold galaxyfold '],0.192,0.808,0.0,-0.192,Negative
83,['DEAL Samsung Offering Instant 300 Off Galaxy S10 With Trade galaxys10 '],0.0,1.0,0.0,0.0,Neutral
84,['Samsung Spins Bright Night Camera Feature Into Standalone Mode'],0.0,0.734,0.266,0.266,Positive
85,['Samsung Quickly Sold Out of the 2000 Galaxy Fold galaxyfold '],0.0,1.0,0.0,0.0,Neutral
86,['Samsungs Galaxy Fold has support for all major US carrier bands '],0.0,0.803,0.197,0.197,Positive
87,['Samsungs Galaxy Fold has Support for All Major US Carriers Bands galaxyfold '],0.0,0.816,0.184,0.184,Positive
88,['How has your experience been with Samsungs tradein program '],0.0,1.0,0.0,0.0,Neutral
89,['Hows Your Experience Been With Samsungs TradeIn Program galaxys10 '],0.0,1.0,0.0,0.0,Neutral
90,['Invitations to purchase Samsungs 1980 Galaxy Fold apparently roll out tomorrow '],0.0,1.0,0.0,0.0,Neutral
91,['Samsung Says You Should SignUp Today to be First in Line to Purchase Galaxy Fold galaxyfold '],0.0,1.0,0.0,0.0,Neutral
92,['Samsung Galaxy A80 Trades Notches and Cutouts for PopUp Flippy Camera'],0.0,1.0,0.0,0.0,Neutral
93,['DEAL Need More Storage Get a Samsung 128GB MicroSD for 20'],0.0,1.0,0.0,0.0,Neutral
94,['DEAL Samsung Will Give You 200 TradeIn Value Towards Galaxy S10 for Any Android Device Even If Its Cracked'],0.0,0.882,0.118,0.118,Positive
95,['Samsung shows the Galaxy Fold can fold a lot of times '],0.0,1.0,0.0,0.0,Neutral
96,['Samsungs 550 Off TradeIn Galaxy S10 Deal is Still Live Plus BOGO ATampT and Verizon galaxys10 '],0.0,1.0,0.0,0.0,Neutral
97,['DEAL Samsung Wireless Charging Pad is 15 10000mAh Fast Battery Pack is 16 galaxys10 '],0.0,1.0,0.0,0.0,Neutral
98,['Poll Do Your Own a Google Samsung or OnePlus Phone'],0.0,1.0,0.0,0.0,Neutral
99,['Heres the 2000 ATampT Samsung Galaxy Fold Being Fondled galaxyfold '],0.0,1.0,0.0,0.0,Neutral
100,['Samsung still offering up to 550 in tradein credit towards the purchase of a Galaxy S10 '],0.0,0.852,0.148,0.148,Positive
101,['You Still Have Time to Take Advantage of Samsungs 550 Tradein Offer for the Galaxy S10'],0.0,0.882,0.118,0.118,Positive
102,['Samsung Galaxy S10e Review Yo This is the Phone galaxys10e '],0.0,1.0,0.0,0.0,Neutral
103,['Samsung Galaxy S10 Review Mostly Excellence Slight Disappointment'],0.0,0.631,0.369,0.369,Positive
104,['DEAL Samsungs Excellent Galaxy Buds 25 Off at ATampT'],0.0,0.684,0.316,0.316,Positive
105,['Time probably running out to take advantage of Samsungs really good tradein offer '],0.0,0.698,0.302,0.302,Positive
106,['Samsungs Good Lock app gets updated to work with Android Pie '],0.0,0.791,0.209,0.209,Positive
107,['Samsungs Good Lock App Updated to Work With Android Pie'],0.0,0.756,0.244,0.244,Positive
108,['Report Your Samsung Galaxy Depreciates at Alarming Rate 42 in Month One'],0.12,0.88,0.0,-0.12,Negative
109,['Samsung is Folding Sht in All the Directions'],0.0,1.0,0.0,0.0,Neutral
110,[' samsung tho lol']--------------------,0.0,1.0,0.0,0.0,Neutral
111,['Samsung Now Lets You Remap Bixby Button Just Not to Google Assistant'],0.0,1.0,0.0,0.0,Neutral
112,['Buying the Galaxy Fold will be unlike most Samsung products '],0.0,1.0,0.0,0.0,Neutral
113,['Everyone see Samsungs new Galaxy Fold video It shows a lot of the device in action'],0.0,1.0,0.0,0.0,Neutral
114,['Samsung Releases the Galaxy Fold HandsOn Video You Wanted galaxyfold '],0.0,1.0,0.0,0.0,Neutral
115,['Samsung Announces Galaxy S10 Family Starting at 900 galaxys10 '],0.0,1.0,0.0,0.0,Neutral
116,['Samsung Announces New Galaxy Watch Active Galaxy Fit and Galaxy Buds'],0.0,0.634,0.366,0.366,Positive
117,['Official Specs Samsung Galaxy S10 S10 S10 5G and S10e galaxys10 '],0.0,1.0,0.0,0.0,Neutral
118,['Here is the Samsung Galaxy Fold galaxyfold '],0.0,1.0,0.0,0.0,Neutral
119,['Watch Samsungs Galaxy S10 Galaxy Fold Event Live at 11AM Pacific'],0.0,1.0,0.0,0.0,Neutral
120,['Samsung Galaxy Fold Samsung Galaxy Fold'],0.0,1.0,0.0,0.0,Neutral
121,['And Heres a Samsung Galaxy S10 Promo Video Leak '],0.231,0.769,0.0,-0.231,Negative
122,['Samsungs Internet browser gets a big One UI update'],0.0,1.0,0.0,0.0,Neutral
123,['Samsung Internet Gets One UI Makeover Complete With Dark Mode Support'],0.0,1.0,0.0,0.0,Neutral
124,['DEAL 300 Off Unlocked Samsung Galaxy Note 9 Today With Code galaxynote9 '],0.0,1.0,0.0,0.0,Neutral
125,['Samsung Outs Its Entire New Galaxy Wearable Line Early'],0.0,1.0,0.0,0.0,Neutral
126,['You can already reserve your Galaxy S10 from Samsung '],0.0,1.0,0.0,0.0,Neutral
127,['Samsungs Galaxy S10 Arrives March 8 Get Up to 550 Off With Trade if You Reserve Now'],0.0,1.0,0.0,0.0,Neutral
128,['Samsung keeps teasing the fold ']-----,0.206,0.794,0.0,-0.206,Negative
129,['What Exactly is Samsung Trying to Tease Here'],0.247,0.753,0.0,-0.247,Negative
130,['A Fresh Clean HighRes Look at Samsungs Galaxy S10 and Galaxy S10e'],0.0,0.667,0.333,0.333,Positive
131,['Verizon Valentines Deals Arent Awful 300 Off Pixel 3 BOGO Samsung deals '],0.0,0.816,0.184,0.184,Positive
132,['Samsung and fake Supreme are no longer working together'],0.356,0.403,0.242,-0.11399999999999999,Negative
133,['Samsung Galaxy S10 Galaxy S10 Stop by the FCC galaxys10 '],0.18,0.82,0.0,-0.18,Negative
134,['DEAL Samsung Galaxy Note 9 S9 and S9 are 150 Off deals '],0.0,1.0,0.0,0.0,Neutral
135,['Samsung brings out the cool concepts shows off foldable phone too'],0.0,0.813,0.187,0.187,Positive
136,['Samsung pulled that concept video but we grabbed some extra screenshots from it'],0.0,1.0,0.0,0.0,Neutral
137,['Samsung Teases Foldable Phone in Futuristic Concept Video'],0.239,0.761,0.0,-0.239,Negative
138,['Samsung Galaxy Buds reported to launch with the Galaxy S10 '],0.0,1.0,0.0,0.0,Neutral
139,['Samsung Just Made a 1TB UFS 21 Chip for Smartphones Probably the Galaxy S10 galaxys10  '],0.0,1.0,0.0,0.0,Neutral
140,['Samsungs doing a bit better of a job at updating '],0.0,0.734,0.266,0.266,Positive
141,['Hey Samsung Better Job With Pie Updates so Far'],0.0,0.734,0.266,0.266,Positive
142,['Samsung Galaxy S9 Gets Android Pie One UI Update on First US Carrier galaxys9 '],0.0,1.0,0.0,0.0,Neutral
143,['No bueno Samsung']--------------------,0.0,1.0,0.0,0.0,Neutral
144,['This is Bad Samsung']-----------------,0.538,0.462,0.0,-0.538,Negative
145,['Jesus Finally Target Will Soon Accept Google Pay Samsung Pay'],0.117,0.667,0.217,0.09999999999999999,Positive
146,['Heres Everything We Know About Samsungs GalaxyS10 so Far'],0.0,1.0,0.0,0.0,Neutral
147,['Samsungs 5G Galaxy S10 Might Add an X to Its Name Go Nuts With Specs galaxys10 '],0.133,0.867,0.0,-0.133,Negative
148,['DEAL Samsung Galaxy Note 9 S9 S9 All 200 Off With Up to 300 Off in Trades deals '],0.0,1.0,0.0,0.0,Neutral
149,['There has been a ton of different Galaxy phones from Samsung over the years Which one stands out the most to you'],0.0,1.0,0.0,0.0,Neutral
150,['Well also see a fully functional foldable from Samsung on February 20 '],0.0,1.0,0.0,0.0,Neutral
151,['10 Years of Samsung Galaxy S Phones Which Stands Out the Most galaxys10 '],0.0,1.0,0.0,0.0,Neutral
152,['Fully Functional Foldable From Samsung Coming on February 20 Too'],0.0,1.0,0.0,0.0,Neutral
153,['Samsung is Announcing the Galaxy S10 on February 20 galaxys10 '],0.0,1.0,0.0,0.0,Neutral
154,['Sprints Samsung 5G Phone is Coming This Summer sprint ces2019 '],0.0,1.0,0.0,0.0,Neutral
155,['Samsung its time to move on from the curved display'],0.0,1.0,0.0,0.0,Neutral
156,['I Just Need Samsung to Ditch the Curved Display Now galaxys10 '],0.0,1.0,0.0,0.0,Neutral
157,['Samsung has another Pie roadmap with Galaxy Note 9 and Note 8 bumped up a month '],0.0,1.0,0.0,0.0,Neutral
158,['Samsung Provides Different Pie Update Roadmap Galaxy Note 9 and Note 8 Bumped Up a Month'],0.0,1.0,0.0,0.0,Neutral
159,['Samsungs Pie Update Roadmap Wont Make You Envious of Galaxy Owners'],0.0,0.846,0.154,0.154,Positive
160,['Samsung is Coming for Googles Night Sight Camera Magic'],0.0,1.0,0.0,0.0,Neutral
161,['Report Google Assistant Launching on 2019 Samsung Smart TV Lineup'],0.0,0.769,0.231,0.231,Positive
162,['DEAL Samsung 10000mAh Fast Charge Battery Pack is 1599 19 Off deals '],0.0,1.0,0.0,0.0,Neutral
163,['Verizon Updates Samsung Galaxy S7 S7 Edge LG V30'],0.0,1.0,0.0,0.0,Neutral
164,['Samsung is now reevaluating its partnership with fake Supreme'],0.279,0.721,0.0,-0.279,Negative
165,['DEAL Samsung Drops 300 Off Carrier Galaxy Note 9 250 Off Galaxy S9 galaxynote9 '],0.0,1.0,0.0,0.0,Neutral
166,['Did Samsung just partner with a knockoff Supreme label to sell stuff in China Yes '],0.0,0.674,0.326,0.326,Positive
167,['Samsung Embarrassingly Partners With Fake Supreme '],0.433,0.299,0.269,-0.16399999999999998,Negative
168,['Samsung Galaxy A8s With Infinity O Display Official for China'],0.0,1.0,0.0,0.0,Neutral
169,['ATampT Announces Another Samsung 5G Device With Better Connectivity 5g '],0.0,0.775,0.225,0.225,Positive
170,['ATampT says it will carry Samsungs 5G smartphone in early 2019 '],0.0,1.0,0.0,0.0,Neutral
171,['ATampT Will Also Carry Samsungs 5G Phone Next Year'],0.0,1.0,0.0,0.0,Neutral
172,['Verizon and Samsung launching 5G phone in first half of 2019 '],0.0,1.0,0.0,0.0,Neutral
173,['DEAL Samsung Wireless Charger Duo for Just 50 on Amazon 70 Off'],0.0,0.866,0.134,0.134,Positive
174,['Verizon and Samsung Launching 5G Phone in First Half of 2019 Proof of Concept Coming This Week'],0.0,1.0,0.0,0.0,Neutral
175,['DEAL Verizon Galaxy Note 9 300 Off Today Only From Samsung GalaxyNote9 '],0.0,1.0,0.0,0.0,Neutral
176,['Samsungs 12 Days of Deals is Here Save on TVs Phones and Get Free Stuff '],0.0,0.683,0.317,0.317,Positive
177,['TMobile is giving away Samsung 50 4K TVs in new deal'],0.0,0.806,0.194,0.194,Positive
178,['Samsung One UI Gets Updated Loads of Bug Fixes Inside'],0.0,1.0,0.0,0.0,Neutral
179,['Buy a Samsung Galaxy on TMobile Get Free 50 4K Smart TV'],0.0,0.6,0.4,0.4,Positive
180,['Huawei Beats Samsung to Full Display With Camera Cutout Hole '],0.0,1.0,0.0,0.0,Neutral
181,['Looks like Project Fi will soon support Samsung OnePlus and iPhone devices '],0.0,0.679,0.321,0.321,Positive
182,['Verizon Samsung Galaxy Devices LG V40 ThinQ Receive Security Patch Updates'],0.0,0.806,0.194,0.194,Positive
183,['Samsung Cyber Monday Deals are Live CyberMondayDeals '],0.0,1.0,0.0,0.0,Neutral
184,['Black Friday 2018 Best Google and Samsung Phone Deals BlackFriday2018 '],0.0,0.704,0.296,0.296,Positive
185,['Dont sleep on Samsungs BlackFridayDeals'],0.0,1.0,0.0,0.0,Neutral
186,['Samsung microSD cards are so cheap right now'],0.0,1.0,0.0,0.0,Neutral
187,['Amazon matches Samsungs big BlackFridayWeek 200 off sale on Note 9 S9 and S9'],0.0,1.0,0.0,0.0,Neutral
188,['Samsung EVO Select MicroSD Cards are Stupid Cheap Right Now 128GB for 1999 BlackFridayWeek '],0.195,0.805,0.0,-0.195,Negative
189,['DEAL Amazon Matches Samsungs 200 Off Galaxy S9 S9 and Note 9 Deal BlackFriday2018 '],0.0,0.884,0.116,0.116,Positive
190,['Samsungs BlackFriday2018 deals are here with up to 300 off Note 9 S9'],0.0,1.0,0.0,0.0,Neutral
191,['Samsung Black Friday Deals Now Live Up to 300 Off Galaxy Note 9 S9 and S9 BlackFriday2018 '],0.0,1.0,0.0,0.0,Neutral
192,['Video Tour of Samsungs new One UI on a Galaxy S9 galaxys9 '],0.0,1.0,0.0,0.0,Neutral
193,['Samsungs One UI Beta with Android Pie goes live for Galaxy S9 S9'],0.0,1.0,0.0,0.0,Neutral
194,['Samsung is going to annoy you over use of free themes'],0.191,0.592,0.217,0.025999999999999995,Positive
195,['Video First Look at Samsung One UI Beta on Galaxy S9 galaxys9 '],0.0,1.0,0.0,0.0,Neutral
196,['Samsung One UI and Pie Beta Program Now Live in the US for S9 galaxys9 '],0.0,1.0,0.0,0.0,Neutral
197,['Samsung Doesnt Want You Using Free Themes Anymore'],0.116,0.57,0.314,0.198,Positive
198,['Samsung might skip the notch on Galaxy S10 and go with InfinityO'],0.0,1.0,0.0,0.0,Neutral
199,['DEAL Verizon Galaxy S9 Note 9 are 100 Off From Samsung With 300 Bonus Bundle galaxynote9 '],0.0,0.811,0.189,0.189,Positive
200,['Here are some display specs for Samsungs foldable Infinity Flex display'],0.0,1.0,0.0,0.0,Neutral
201,['Heres a pretty Samsung One UI wallpaper for you'],0.0,0.686,0.314,0.314,Positive
202,['A photo tour of Samsungs new One UI']-,0.0,1.0,0.0,0.0,Neutral
203,['Samsung has notched displays in the works You OK Samsung fans'],0.0,0.773,0.227,0.227,Positive
204,['Samsungs new One UI looks pretty is ready for Galaxy S9 and Note 9 beta testers'],0.0,0.695,0.305,0.305,Positive
205,['And here is Samsungs first foldable display phone'],0.0,1.0,0.0,0.0,Neutral
206,['Samsung Revealed Infinity Flex Display Specs for Its Foldable Phone'],0.0,1.0,0.0,0.0,Neutral
207,['You Know You Want That Wallpaper From Samsungs One UI'],0.0,0.874,0.126,0.126,Positive
208,['Heres a Photo Tour of Samsungs One UI'],0.0,1.0,0.0,0.0,Neutral
209,['Samsung Who Laughed at Googles Notch is Ready to Introduce Notches Maybe'],0.0,0.645,0.355,0.355,Positive
210,['Samsung One UI is the Software UX Refresh Weve Been Waiting For'],0.0,1.0,0.0,0.0,Neutral
211,['Here is Samsungs Foldable Display Device'],0.0,1.0,0.0,0.0,Neutral
212,['Samsung Experience aka TouchWiz refresh Yes please '],0.0,0.545,0.455,0.455,Positive
213,['Samsungs Galaxy Home Bixby Speaker Arrives at FCC in Time for Launch Details'],0.0,1.0,0.0,0.0,Neutral
214,['Watch Samsungs Developer Conference Where We May See a Foldable Phone'],0.0,1.0,0.0,0.0,Neutral
215,['Were learning more about Samsungs foldable ahead of a potential unveiling this week at SDC '],0.0,1.0,0.0,0.0,Neutral
216,['Samsung May Launch Android Pie Beta Program During SDC This Week'],0.0,1.0,0.0,0.0,Neutral
217,['Latest Samsung Foldable Device Report Aligns With Concept Image From 2017'],0.0,1.0,0.0,0.0,Neutral
218,['Samsung still seems confused on what foldable device will be '],0.187,0.813,0.0,-0.187,Negative
219,['Samsung Still Seems Confused on Its Foldable Phone But Itll Run Special Android galaxys10 '],0.091,0.714,0.195,0.10400000000000001,Positive
220,['US Galaxy S10 Lineup Getting Note 10s Live Focus Video AR Doodle in New Update'],0.0,1.0,0.0,0.0,Neutral
221,['One UI 20 Beta Opened to Galaxy Note 10 Lineup'],0.0,1.0,0.0,0.0,Neutral
222,['Theres Something Off About These Galaxy Fold Reviews on Best Buy'],0.0,0.704,0.296,0.296,Positive
223,['Our thoughts after a week with the Galaxy Fold '],0.0,1.0,0.0,0.0,Neutral
224,['Galaxy Fold Thoughts After a Week of Folding My Phone'],0.0,1.0,0.0,0.0,Neutral
225,['VIDEO Our Favorite Galaxy Fold Features galaxyfold '],0.0,0.7,0.3,0.3,Positive
226,['Drop Test Confirms Dont Drop the Galaxy Fold'],0.0,0.794,0.206,0.206,Positive
227,['Verizon Galaxy S9 S9 Getting September Security Patch'],0.0,0.745,0.255,0.255,Positive
228,['My Galaxy Fold Display is Not Damaged After a Day galaxyfold '],0.0,0.806,0.194,0.194,Positive
229,['Verizon Galaxy S8 S8 Note 8 and S10 5G Receive September Security Patch'],0.0,0.821,0.179,0.179,Positive
230,['Podcast We Have the Galaxy Fold Show kicks off at 1230PM Pacific'],0.0,1.0,0.0,0.0,Neutral
231,['RT  2 Galaxy Folds gt 4 iPhone 11 Pros lol '],0.0,0.588,0.412,0.412,Positive
232,['Galaxy S10 Family Picking Up Suite of Note 10 Features in New Update'],0.0,1.0,0.0,0.0,Neutral
233,['Galaxy Fold Arrives This Week in the US galaxyfold '],0.0,1.0,0.0,0.0,Neutral
234,['We Crushed 8GB Data on Verizon 5G in 1 Minute With a Galaxy Note 10 5G 5G '],0.157,0.843,0.0,-0.157,Negative
235,['Verizon Galaxy S10 Note 10 Lineups Updated With September Security Patch'],0.0,0.806,0.194,0.194,Positive
236,['Android 10 beta for Galaxy S10 Galaxy Note 10 reported to launch next month '],0.0,1.0,0.0,0.0,Neutral
237,['Pixel 4 XL Gets a Galaxy Note 10 Comparison Already pixel4'],0.0,1.0,0.0,0.0,Neutral
238,['5 Reasons the Galaxy Note 10 is Worth Buying'],0.0,0.808,0.192,0.192,Positive
239,['Second Galaxy arrives for Android ']--,0.0,1.0,0.0,0.0,Neutral
240,['Second Galaxy Available for Android Reminds Me a Lot of EVE Online'],0.0,1.0,0.0,0.0,Neutral
241,['Android 10 Update for TMobile Galaxy Note 10 Galaxy S10 Already in Testing'],0.0,1.0,0.0,0.0,Neutral
242,['RT  PSA Public Software Announcement  GalaxyS10 devices getting SW update including bug fixes security updates amp Nigh'],0.0,0.87,0.13,0.13,Positive
243,['Verizon Galaxy S10 Family Grabs a Fresh Update'],0.0,0.723,0.277,0.277,Positive
244,['Hole punch wallpapers for your Note 10 are here galaxynote10 '],0.0,1.0,0.0,0.0,Neutral
245,['Our Galaxy Note 10 review galaxynote10 '],0.0,1.0,0.0,0.0,Neutral
246,['Cool Wallpapers to Go With Your GalaxyNote10 Camera Cutout'],0.0,1.0,0.0,0.0,Neutral
247,['PSA Your GalaxyNote10 Doesnt Have a Dead Pixel Thats the Proximity Sensor'],0.0,0.744,0.256,0.256,Positive
248,['We got a couple Galaxy Note 10 phones We did a podcast about it '],0.0,1.0,0.0,0.0,Neutral
249,['A Lot of Galaxy Phones on Verizon are Getting Updated With August Security Patch'],0.0,0.844,0.156,0.156,Positive
250,['VIDEO First 10 things to do with the Galaxy Note 10'],0.0,1.0,0.0,0.0,Neutral
251,['Galaxy Note 10 First 10 Things to Dogalaxynote10'],0.0,1.0,0.0,0.0,Neutral
252,['Last Chance to Get the Galaxy Note 10 150 PreOrder Credit galaxynote10 '],0.0,0.705,0.295,0.295,Positive
253,['VIDEO Galaxy Note 10 Unboxing']-------,0.0,1.0,0.0,0.0,Neutral
254,['Verizon Galaxy Note 10 lineup getting updated '],0.0,1.0,0.0,0.0,Neutral
255,['Verizon Galaxy Note 10 Lineup Already Getting First Update'],0.0,1.0,0.0,0.0,Neutral
256,['Galaxy Note 10 Orders Now Shipping With Wednesday Arrival galaxynote10 '],0.0,1.0,0.0,0.0,Neutral
257,[' Galaxy Fold running KitKat Very nice P'],0.0,0.694,0.306,0.306,Positive
258,['Both DxOMark and DisplayMate are loving the Galaxy Note 10 '],0.0,0.719,0.281,0.281,Positive
259,['Both DxOMark and DisplayMate Love the Galaxy Note 10'],0.0,0.656,0.344,0.344,Positive
260,['Handson with the Galaxy Note 10 and Note 10 '],0.0,1.0,0.0,0.0,Neutral
261,['Video Galaxy Note 10 Note 10 First Look'],0.0,1.0,0.0,0.0,Neutral
262,['These are the best deals for the Galaxy Note 10 so far '],0.0,0.741,0.259,0.259,Positive
263,['600 off a Galaxy Note 10 aint bad at all '],0.0,0.759,0.241,0.241,Positive
264,['All your Galaxy Note 10 specs are right here '],0.0,1.0,0.0,0.0,Neutral
265,['Galaxy Note 10 is all official now Preorders start at midnight tonight priced starting at 949 '],0.0,1.0,0.0,0.0,Neutral
266,['Poll Buying a Galaxy Note 10 galaxynote10 '],0.0,1.0,0.0,0.0,Neutral
267,['Best Galaxy Note 10 Note 10 and Note 10 5G PreOrder Deals galaxynote10 '],0.0,1.0,0.0,0.0,Neutral
268,['Reserve Your Galaxy Note 10 Now and Save Up to 600 With Eligible TradeIn'],0.0,0.802,0.198,0.198,Positive
269,['You can watch the Note 10 event right here if you want GalaxyUnpacked '],0.0,0.909,0.091,0.091,Positive
270,['Heres a Galaxy Note 10 Note 10 Official Feature Leak galaxynote10 '],0.194,0.806,0.0,-0.194,Negative
271,['Verizon Galaxy S9 S9 and Note 9 Getting Dark Mode Camera Update'],0.0,1.0,0.0,0.0,Neutral
272,['Galaxy Note 10 in some pretty colors '],0.0,0.686,0.314,0.314,Positive
273,['This is probably the biggest Galaxy Note 10 leak of all '],0.179,0.821,0.0,-0.179,Negative
274,['Heres the Galaxy Note 10 in Most of Its Pretty Colors'],0.0,0.743,0.257,0.257,Positive
275,['Verizons Galaxy S10 Family Grabs Pair of Updates'],0.0,1.0,0.0,0.0,Neutral
276,['The Big Galaxy Note 10 Leak is Here']-,0.255,0.745,0.0,-0.255,Negative
277,['Verizons Galaxy Note 10 5G has been tested '],0.0,1.0,0.0,0.0,Neutral
278,['Verizons Galaxy Note 10 5G has Been Tested GalaxyNote10 '],0.0,1.0,0.0,0.0,Neutral
279,['Hi Galaxy Watch Active 2 ']-----------,0.0,0.597,0.403,0.403,Positive
280,['Dont miss this weeks show We covered the TMoSprint merger Galaxy Note 10 and Pixel 4 '],0.096,0.904,0.0,-0.096,Negative
281,['Heres the Galaxy Watch Active 2 Thanks to the FCC galaxywatchactive2 '],0.0,0.616,0.384,0.384,Positive
282,['DEAL All Unlocked Galaxy S10 Phones are 400500 Off at Best Buy Today galaxys10 '],0.0,0.769,0.231,0.231,Positive
283,['Galaxy Note 10 Launch Day is August 23 Reservations Now Open With 600 Off for TradeIns galaxynote10 '],0.0,1.0,0.0,0.0,Neutral
284,['TMobile is done with the Galaxy Fold'],0.0,1.0,0.0,0.0,Neutral
285,['Galaxy Fold is almost ready for its comeback in September'],0.0,0.803,0.197,0.197,Positive
286,['TMobile Wont Sell the Galaxy Fold']---,0.0,1.0,0.0,0.0,Neutral
287,['Galaxy Note 10 5G for Verizon Disclosed Appears to be Limited Time Exclusive'],0.137,0.863,0.0,-0.137,Negative
288,['Verizon Galaxy S7 S7 Edge S8 S8 and Note 8 Get Updated Security Patches'],0.0,0.833,0.167,0.167,Positive
289,['Galaxy Note 10 Note 10 Specs Reported to Include a Processor Display and Possibly Internal Storage'],0.0,1.0,0.0,0.0,Neutral
290,['Visible Adds WiFi Calling Capability for Galaxy S9 S9'],0.0,1.0,0.0,0.0,Neutral
291,['Here are the US Galaxy Note 10 Network Bands galaxynote10 '],0.0,1.0,0.0,0.0,Neutral
292,['Galaxy Fold aced its latest tests and is ready for launch according to report '],0.0,0.848,0.152,0.152,Positive
293,['Report Galaxy Fold Ready for Launch Following Latest Durability Tests'],0.0,0.783,0.217,0.217,Positive
294,['Expect One UI 20 With Android Q Version 21 With Galaxy S11'],0.0,1.0,0.0,0.0,Neutral
295,['Galaxy S10 S10 now start at 300 off for Prime Day'],0.0,1.0,0.0,0.0,Neutral
296,['DEAL Unlocked Galaxy S10 Line is 200500 Off Right Now galaxys10 '],0.0,1.0,0.0,0.0,Neutral
297,['Galaxy Note 10 Stops at the FCC Dancing the No Headphone Jack Dance galaxynote10 '],0.226,0.774,0.0,-0.226,Negative
298,['Heres the Galaxy Note 10 ']-----------,0.0,1.0,0.0,0.0,Neutral
299,['This is the Galaxy Note 10']----------,0.0,1.0,0.0,0.0,Neutral
300,['Verizon Galaxy S10 S10 and S10e Grab New Updates With Performance Improvements galaxys10 '],0.0,0.85,0.15,0.15,Positive
301,['We know when the Galaxy Note 10 will be announced'],0.0,1.0,0.0,0.0,Neutral
302,['Invites Rolling Out Galaxy Note 10 Arrives August 7'],0.0,1.0,0.0,0.0,Neutral
303,['Friday Phone Deals Pixel 2 XL for 10mo BOGO Galaxy S10'],0.0,1.0,0.0,0.0,Neutral
304,['Shaky Camera Returns Heres the Galaxy Note 10'],0.0,1.0,0.0,0.0,Neutral
305,['Giveaway Win 1 of 5 mophie Juice Pack Cases for Your Galaxy S10'],0.0,0.725,0.275,0.275,Positive
306,['mophies 99 Juice Packs are a go for the Galaxy S10 lineup '],0.0,1.0,0.0,0.0,Neutral
307,['DEAL Get MNML Cases for Pixel 3 Galaxy S10 for 1499 With Code 12 Off'],0.0,1.0,0.0,0.0,Neutral
308,['mophies 99 Juice Packs for Galaxy S10 Lineup Offer Up to 2500mAh in Extra Battery Life'],0.0,1.0,0.0,0.0,Neutral
309,['TMobile to Sell the Galaxy S10 5G in Select Cities on June 28'],0.0,1.0,0.0,0.0,Neutral
310,['Friday Phone Deals Galaxy S10 at 300 Off Pixel 3 XL Up to 220 Off galaxys10 '],0.0,1.0,0.0,0.0,Neutral
311,['Galaxy S7 and Galaxy S7 Edge Drop From Quarterly to Regular Security Updates'],0.135,0.71,0.155,0.01999999999999999,Positive
312,['Galaxy Note 10 rumored to feature camera with threestage variable aperture '],0.0,1.0,0.0,0.0,Neutral
313,['Galaxy Note 10 Could Feature ThreeStage Variable Aperture Camera'],0.0,1.0,0.0,0.0,Neutral
314,['Verizon Galaxy S9 S9 Updated to June Security Patch'],0.0,0.769,0.231,0.231,Positive
315,['DEAL All Unlocked Galaxy S10 Models are 300 Off at Best Buy galaxys10 '],0.0,0.756,0.244,0.244,Positive
316,['ATampT Business Customers Can Get the Galaxy S10 5G Starting June 17'],0.0,1.0,0.0,0.0,Neutral
317,['Verizons Galaxy S9 S9 get RCS ']------,0.0,1.0,0.0,0.0,Neutral
318,['Galaxy Note 10 renders confirm no headphone jack but weve got buttons galaxynote10 '],0.11,0.89,0.0,-0.11,Negative
319,['Verizons Galaxy S9 S9 Get RCS Support and Proves That RCS is Dumb'],0.0,0.816,0.184,0.184,Positive
320,['Galaxy Note 10 CAD Renders Detail Headphone JackLess Centered Display Cutout Beast Phone'],0.0,1.0,0.0,0.0,Neutral
321,['Galaxy Home apparently scheduled for launch in Q3 '],0.0,1.0,0.0,0.0,Neutral
322,['DEAL Unlocked 256GB Galaxy S10e is 650 Right Now Others 200 Off Too galaxys10 '],0.0,1.0,0.0,0.0,Neutral
323,['Not Back Galaxy Note 10 Reportedly Ditches Headphone Jack All Buttons galaxynote10 '],0.0,1.0,0.0,0.0,Neutral
324,['Its looking unlikely that the Galaxy Fold will launch in June '],0.0,1.0,0.0,0.0,Neutral
325,['TMobile Galaxy S8 S8 and Note 8 Updated With May Security Patch'],0.0,0.806,0.194,0.194,Positive
326,['Report Galaxy Fold Release in June is Unlikely'],0.0,1.0,0.0,0.0,Neutral
327,['Galaxy S10 in Cardinal Red Yes please '],0.0,0.545,0.455,0.455,Positive
328,['Mmm Heres the Galaxy S10 in Cardinal Red'],0.0,1.0,0.0,0.0,Neutral
329,['Verizon Galaxy S10 Family Gets May Security Patch Camera Enhancements'],0.0,0.789,0.211,0.211,Positive
330,['Verizon Galaxy S10 5G now available for purchase instore but there still isnt much of a 5G network to connect to '],0.0,1.0,0.0,0.0,Neutral
331,['Verizons Galaxy S10 5G is Now Available Without Much of a 5G Network galaxys105g '],0.0,1.0,0.0,0.0,Neutral
332,['Ill be leaving the Galaxy S10 for the OnePlus 7 Pro '],0.0,1.0,0.0,0.0,Neutral
333,['Bye Bye Galaxy S10 Hello OnePlus 7 Pro'],0.0,1.0,0.0,0.0,Neutral
334,['DEAL US Unlocked Galaxy S10 S10 and S10e All at Least 100 Off at Amazon galaxys10 '],0.0,0.904,0.096,0.096,Positive
335,['Verizon Galaxy S10 S10 S10e Updated With April Security Patch'],0.0,0.789,0.211,0.211,Positive
336,['DEAL Buy Unlocked Galaxy S9 or S9 Get a Free 512GB SD Card and Wireless Charger galaxys9 '],0.0,0.829,0.171,0.171,Positive
337,['We discussed the Galaxy Fold drama on the DL Show this week '],0.0,1.0,0.0,0.0,Neutral
338,['Verizon CEO says Galaxy Note 10 will have 5G '],0.0,1.0,0.0,0.0,Neutral
339,['Galaxy S10 5G is up for preorder for those who are fortunate enough to live near 5G '],0.0,0.854,0.146,0.146,Positive
340,['Verizon CEO Galaxy Note 10 Will Have 5G'],0.0,1.0,0.0,0.0,Neutral
341,['Verizons Galaxy S10 5G starts at 1300'],0.0,1.0,0.0,0.0,Neutral
342,['Get Ready for Verizon Galaxy S10 5G PreOrders and Bonuses galaxys105g '],0.0,0.621,0.379,0.379,Positive
343,['Galaxy Fold teardown reveals its quite a fragile device '],0.0,1.0,0.0,0.0,Neutral
344,['We now have specs and pricing for the Galaxy View 2 on ATampT Available this Friday for 37month on ATampT Next '],0.0,1.0,0.0,0.0,Neutral
345,['Galaxy Fold Gets a Teardown an Accident Waiting to Happen'],0.279,0.721,0.0,-0.279,Negative
346,['ATampT Unveils Galaxy View 2 on YouTube a 173 FHD Display Behemoth'],0.0,1.0,0.0,0.0,Neutral
347,['Bright Night will now be a standalone camera mode on the Galaxy S10 '],0.0,1.0,0.0,0.0,Neutral
348,['If youre buying a Galaxy Fold heres what NOT to do '],0.0,1.0,0.0,0.0,Neutral
349,['Uh oh Galaxy Fold review units are breaking '],0.0,1.0,0.0,0.0,Neutral
350,['If You Buy a Galaxy Fold Dont Remove Its Protective Layer galaxyfold '],0.0,1.0,0.0,0.0,Neutral
351,['Galaxy Fold Review Units are Breaking GalaxyFold '],0.0,1.0,0.0,0.0,Neutral
352,['Is the Galaxy Fold bad']--------------,0.0,1.0,0.0,0.0,Neutral
353,['Early adopters you can preorder the Galaxy Fold'],0.0,1.0,0.0,0.0,Neutral
354,['Verizon Galaxy Note 9 Receiving April Security Patch'],0.0,0.714,0.286,0.286,Positive
355,['Galaxy Fold preorders are live galaxyfold '],0.0,1.0,0.0,0.0,Neutral
356,['Galaxy Fold Reservations are Now Open galaxyfold '],0.0,1.0,0.0,0.0,Neutral
357,['Galaxy A80 comes with popup flippy camera action '],0.0,1.0,0.0,0.0,Neutral
358,['Dont know which Galaxy S10 to buy We can help '],0.0,0.787,0.213,0.213,Positive
359,['Which Galaxy S10 Should You Buy galaxys10 '],0.0,1.0,0.0,0.0,Neutral
360,['Ready to have your choice in Galaxy Note 10 models'],0.0,1.0,0.0,0.0,Neutral
361,['US unlocked Galaxy S8 S8 and Note 8 grabbed their Pie One UI updates today'],0.0,1.0,0.0,0.0,Neutral
362,['A Smaller Galaxy Note 10 Yes Please galaxynote10 '],0.0,0.583,0.417,0.417,Positive
363,['US Unlocked Galaxy S8 S8 and Note 8 Now Receiving Pie and One UI Update'],0.0,1.0,0.0,0.0,Neutral
364,['Verizon Galaxy S10 S10 and S10e All Receive New Update'],0.0,1.0,0.0,0.0,Neutral
365,['DEAL Unlocked Galaxy S9 on sale for 499 S9 for 599 100 off '],0.0,1.0,0.0,0.0,Neutral
366,['TMobile Galaxy Note 8 gets its Pie One UI update '],0.0,1.0,0.0,0.0,Neutral
367,['DEAL Get an Unlocked Galaxy S9 for 499 Galaxy S9 for 599 100 Off'],0.0,1.0,0.0,0.0,Neutral
368,['TMobile Galaxy Note 8 Pie One UI Update is Here'],0.0,1.0,0.0,0.0,Neutral
369,['Report says Verizons Galaxy S10 5G will go on sale starting April 18 '],0.0,1.0,0.0,0.0,Neutral
370,['VIDEO 5 reasons you should buy the Galaxy S10S10'],0.0,1.0,0.0,0.0,Neutral
371,['Report Verizon Galaxy S10 5G Goes on Sale April 18'],0.0,1.0,0.0,0.0,Neutral
372,['Video 5 Reasons to Buy the Galaxy S10S10'],0.0,1.0,0.0,0.0,Neutral
373,['Verizon Galaxy S8 Note 8 get that Pie and One UI '],0.0,1.0,0.0,0.0,Neutral
374,['Verizons Galaxy S8 and Note 8 Join the Pie One UI Update Party'],0.0,0.833,0.167,0.167,Positive
375,['Verizon Galaxy S7 S7 Edge S9 and S9 Receive March Security Patch'],0.0,0.821,0.179,0.179,Positive
376,['VIDEO 26 minutes worth of cases for the Galaxy S10 '],0.0,0.84,0.16,0.16,Positive
377,['Galaxy S10 5G availability begins April 5 in South Korea '],0.0,1.0,0.0,0.0,Neutral
378,['Video Need a Case for Your Galaxy S10 There Are Lots of Options to Choose From'],0.0,1.0,0.0,0.0,Neutral
379,['We Know When You Can Start Buying the Galaxy S10 5G galaxys105g '],0.0,1.0,0.0,0.0,Neutral
380,['Galaxy S7 is Old so Itll Now Only Get Quarterly Security Updates galaxys7 '],0.0,0.844,0.156,0.156,Positive
381,['TMobile ATampT Galaxy Note 8 and S8 phones are getting that fresh slice of Pie '],0.0,0.859,0.141,0.141,Positive
382,['Fresh Pie Updates for TMobile ATampT Galaxy Note 8 and S8 Phones are Here'],0.0,1.0,0.0,0.0,Neutral
383,['That Energy Ring app now supports the Galaxy S10 too Sweet'],0.0,0.662,0.338,0.338,Positive
384,['Report says the Galaxy Note 10 may have no physical buttons '],0.167,0.833,0.0,-0.167,Negative
385,['Report Galaxy Note 10 Coming in August May Have No Physical Buttons'],0.167,0.833,0.0,-0.167,Negative
386,['Here is the Galaxy FoldFolding galaxyfold '],0.0,1.0,0.0,0.0,Neutral
387,['Energy Ring app turns your Galaxy S10 S10e display cutout into a battery level indicator '],0.0,1.0,0.0,0.0,Neutral
388,['Sprint Galaxy S8 S8 and Note 8 Updated to Pie'],0.0,1.0,0.0,0.0,Neutral
389,['Energy Ring for Galaxy S10 S10e Brings a Battery Indicator to Your Displays Cutout'],0.0,1.0,0.0,0.0,Neutral
390,['ATampT Galaxy Fold in the wild sports a sweet display crease'],0.0,0.75,0.25,0.25,Positive
391,['In this weeks podcast we cover our Galaxy S10 reviews and the launch of Android Q'],0.0,1.0,0.0,0.0,Neutral
392,['This collection of wallpapers embrace the Galaxy S10s display cutout '],0.0,0.813,0.187,0.187,Positive
393,['Our Galaxy S10e review is up We like it '],0.0,0.783,0.217,0.217,Positive
394,['You Need These Wallpapers That Embrace Your GalaxyS10 Display Cutout'],0.0,0.796,0.204,0.204,Positive
395,['Our Galaxy S10 review is here galaxys10 '],0.0,1.0,0.0,0.0,Neutral
396,['280 off the Galaxy Note 9 right now at Amazon'],0.0,1.0,0.0,0.0,Neutral
397,['DEAL US Unlocked Galaxy Note 9 Down to 719 at Amazon 280 off'],0.0,0.866,0.134,0.134,Positive
398,['Weve got 20 tips amp tricks for the whole Galaxy S10 family'],0.12,0.88,0.0,-0.12,Negative
399,['20 Galaxy S10 S10 amp S10e Tips and Tricks galaxys10 '],0.13,0.87,0.0,-0.13,Negative
400,['Verizon Galaxy Note 9 Android Pie Update is Ready'],0.0,1.0,0.0,0.0,Neutral
401,['Here are a few Galaxy S10e tricks you may not have known about '],0.111,0.889,0.0,-0.111,Negative
402,['We have the first 10 things to do with the Galaxy S10 and S10 '],0.0,1.0,0.0,0.0,Neutral
403,['Galaxy S10e Some of Its Cool Sht You May Not Know About galaxys10e '],0.0,0.85,0.15,0.15,Positive
404,['Galaxy S10 First 10 Things to Do']----,0.0,1.0,0.0,0.0,Neutral
405,['Ankers 10W Fast Wireless Charger at 1299 is Here for Your New GalaxyS10'],0.0,1.0,0.0,0.0,Neutral
406,['Galaxy S10 Owners Treated to 6 Months of Spotify Premium 4 Months of YouTube Premium'],0.0,1.0,0.0,0.0,Neutral
407,['Galaxy S10 preorders are arriving at the door What are your first impressions'],0.0,1.0,0.0,0.0,Neutral
408,['We unbox the Galaxy S10 in Ceramic White'],0.0,1.0,0.0,0.0,Neutral
409,['Your Galaxy S10 PreOrders are Here First Reactions GalaxyS10 '],0.0,1.0,0.0,0.0,Neutral
410,['VIDEO Galaxy S10 Unboxing']-----------,0.0,1.0,0.0,0.0,Neutral
411,['Probably Running Out of Time to Get 550 Off for Trades on Galaxy S10 galaxys10 '],0.0,1.0,0.0,0.0,Neutral
412,['iFixit Tears Down the Galaxy S10 Lineup Finds Self Repairability to be a Nightmare'],0.137,0.863,0.0,-0.137,Negative
413,['Weve got the first 10 things you should do with the Galaxy S10e '],0.0,1.0,0.0,0.0,Neutral
414,['February patch rolling out to Verizon Galaxy S8 S8 and Note 8 '],0.0,1.0,0.0,0.0,Neutral
415,[' Full review for Galaxy S10 will be 855 for sure but not sure about the 10e It will likely be a mi '],0.0,0.82,0.18,0.18,Positive
416,['Galaxy S10e First 10 Things to Do']---,0.0,1.0,0.0,0.0,Neutral
417,['Verizon Galaxy S8 S8 and Note 8 Receive February Security Patch'],0.0,0.789,0.211,0.211,Positive
418,['Galaxy S10 receives A grade from DisplayMate '],0.0,1.0,0.0,0.0,Neutral
419,['Galaxy S10 preorders are shipping out and will hit doorsteps a couple days early'],0.0,1.0,0.0,0.0,Neutral
420,['We unboxed and went handson with the Galaxy S10e last week Its very bright '],0.0,0.814,0.186,0.186,Positive
421,['DisplayMate Praises Galaxy S10 Most Color Accurate Display We Have Ever Tested'],0.0,0.764,0.236,0.236,Positive
422,['Galaxy S10 preorders are shipping early galaxys10 '],0.0,1.0,0.0,0.0,Neutral
423,['We unbox the Galaxy S10e In Canary Yellow Hot '],0.0,1.0,0.0,0.0,Neutral
424,['TMobile Galaxy Note 9 gets Pie update '],0.0,1.0,0.0,0.0,Neutral
425,['VIDEO Galaxy S10e Unboxing']----------,0.0,1.0,0.0,0.0,Neutral
426,['Netflix Certifies Galaxy S10 Lineup for HDR Support'],0.0,1.0,0.0,0.0,Neutral
427,['TMobile Galaxy Note 9 Receiving Pie Update'],0.0,1.0,0.0,0.0,Neutral
428,['Poll Screen Protector or Nah galaxys10 '],0.189,0.811,0.0,-0.189,Negative
429,['Galaxy S10 S10 preorders now come with a 130 gift certificate galaxys10 '],0.0,0.791,0.209,0.209,Positive
430,['DEAL Galaxy S10 S10 PreOrders Now Include 130 Gift Certificate galaxys10 '],0.0,0.791,0.209,0.209,Positive
431,['Verizon Galaxy S9 S9 and Moto Z2 Play Updated With February Security Patch'],0.0,0.696,0.304,0.304,Positive
432,['4 rear cameras on the Galaxy Note 10 Sounds good '],0.0,0.775,0.225,0.225,Positive
433,['Galaxy Note 10 Rumored to Sport 4 Rear Cameras Just Like the Galaxy S10 5G'],0.0,0.839,0.161,0.161,Positive
434,['If Youre Planning to Buy a Galaxy Fold Note That Supplies Will be Limited'],0.0,1.0,0.0,0.0,Neutral
435,['DEAL PreOrder New Galaxy Watch Active Get a Free 60 Wireless Charging Pad galaxywatchactive '],0.0,0.667,0.333,0.333,Positive
436,['DxOMarks Galaxy S10 camera ranking makes it sound like an incredible shooter '],0.0,0.828,0.172,0.172,Positive
437,['We Investigate Is the Galaxy Fold bad'],0.0,1.0,0.0,0.0,Neutral
438,['Galaxy S10 wallpapers are now downloadable for all to enjoy '],0.0,0.758,0.242,0.242,Positive
439,['Galaxy S10 Bixby button is completely remappable right out of the box '],0.0,1.0,0.0,0.0,Neutral
440,['Buying a Galaxy S10e for 200 seems like a good bargain '],0.0,0.493,0.507,0.507,Positive
441,['Galaxy S10 DxOMark Camera Ranking is Really Really Good'],0.0,1.0,0.0,0.0,Neutral
442,['Is the Galaxy Fold Bad galaxyfold ']--,0.368,0.632,0.0,-0.368,Negative
443,['Galaxy S10 Wallpapers are Available for Download'],0.0,1.0,0.0,0.0,Neutral
444,['Galaxy S10 Bixby Button is Remappable Out of the Box'],0.0,1.0,0.0,0.0,Neutral
445,['I Went Galaxy S10e Traded in a Galaxy S9 and Will Pay Just 200 galaxys10e '],0.091,0.909,0.0,-0.091,Negative
446,['Galaxy S10 preorders are opening any minute  here are the prices deals etc galaxys10 '],0.0,1.0,0.0,0.0,Neutral
447,['Poll You buying a Galaxy Fold']-------,0.0,1.0,0.0,0.0,Neutral
448,['Galaxy S10 early preorder emails going out to those who reserved'],0.0,1.0,0.0,0.0,Neutral
449,['Poll You buying a Galaxy S10 Which one'],0.0,1.0,0.0,0.0,Neutral
450,['We played with the Galaxy S10 family'],0.0,0.714,0.286,0.286,Positive
451,['The Galaxy Watch and Galaxy Buds']----,0.0,1.0,0.0,0.0,Neutral
452,['Galaxy S10 family specs']-------------,0.0,1.0,0.0,0.0,Neutral
453,['The Galaxy S10 galaxys10 ']-----------,0.0,1.0,0.0,0.0,Neutral
454,['The Galaxy Fold galaxyfold']----------,0.0,1.0,0.0,0.0,Neutral
455,['Galaxy S10 Availability Pricing Deals All Carriers Up to 1600 galaxys10 '],0.0,1.0,0.0,0.0,Neutral
456,['Poll Are You Buying a Galaxy Fold']---,0.0,1.0,0.0,0.0,Neutral
457,['OMG We Played With the Galaxy S10 Galaxy S10and S10e galaxys10 '],0.0,0.821,0.179,0.179,Positive
458,['Poll Which GalaxyS10 are You Buying']-,0.0,1.0,0.0,0.0,Neutral
459,['GALAXY FOLD']-------------------------,0.0,1.0,0.0,0.0,Neutral
460,['Galaxy S10 promo videos are here and the phone hasnt been announced yet galaxys10 '],0.0,1.0,0.0,0.0,Neutral
461,['We know of at least 1 screen protector thatll work properly with the Galaxy S10'],0.0,1.0,0.0,0.0,Neutral
462,['Galaxy S10 leaks on Galaxy S10 leaks'],0.0,1.0,0.0,0.0,Neutral
463,['Whitestone Screen Protector 2Pack for Galaxy S10 Costs 60 Doesnt Have Giant Hole'],0.0,1.0,0.0,0.0,Neutral
464,['This Galaxy S10 S10 Video Wasnt Supposed to Arrive This Early galaxys10 '],0.0,1.0,0.0,0.0,Neutral
465,['US Unlocked Galaxy S9 S9 Now Receiving Android Pie One UI Update'],0.0,1.0,0.0,0.0,Neutral
466,['Unlocked Galaxy S9 Comes in Last Again With Big Updates'],0.0,1.0,0.0,0.0,Neutral
467,['Our First Look at the Galaxy S10 in Luxurious Ceramic White'],0.0,1.0,0.0,0.0,Neutral
468,['TMobile Galaxy S9 S9 units getting that Pie update once again '],0.0,1.0,0.0,0.0,Neutral
469,['Haha This Galaxy S10 Screen Protector has a Giant Hole'],0.0,1.0,0.0,0.0,Neutral
470,['TMobile Galaxy S9 Pie update is back and rolling out'],0.0,1.0,0.0,0.0,Neutral
471,['Specs galore for the Galaxy S10 S10 and S10e '],0.0,1.0,0.0,0.0,Neutral
472,['Galaxy S10 S10 S10e Finalized Specs Reportedly Detailed in Full'],0.0,1.0,0.0,0.0,Neutral
473,['TMobile Galaxy S9 S9 Get Android 9 Pie Update and RCS Universal Profile 10'],0.0,1.0,0.0,0.0,Neutral
474,['Galaxy S10 indisplay fingerprint reader probably confirmed'],0.0,1.0,0.0,0.0,Neutral
475,['Galaxy S10 may have reverse wireless charging and thats not really as cool as you think'],0.126,0.874,0.0,-0.126,Negative
476,['A First Look at the Galaxy S10 InDisplay Fingerprint Reader is Here'],0.0,1.0,0.0,0.0,Neutral
477,['Reverse Wireless Charging in the Galaxy S10OK galaxys10 '],0.0,1.0,0.0,0.0,Neutral
478,['Your Next Galaxy Note S Pen May Double as a Camera'],0.0,1.0,0.0,0.0,Neutral
479,['Heres the Galaxy S10e the lower cost S10 model '],0.196,0.804,0.0,-0.196,Negative
480,['Verizon Moto G6 G6 Play LG V40 Galaxy Note 8 and RED Hydrogen One Get Security Patches'],0.0,0.745,0.255,0.255,Positive
481,['Heres the Galaxy S10e the Lower Cost Model'],0.239,0.761,0.0,-0.239,Negative
482,['Highres Galaxy S10 and S10 images are here'],0.0,1.0,0.0,0.0,Neutral
483,['Sprint and ATampT Galaxy S9 phones all got Pie and One UI updates today'],0.0,1.0,0.0,0.0,Neutral
484,['So many GalaxyS10 pics today']--------,0.0,1.0,0.0,0.0,Neutral
485,['Weve Got a First Galaxy Note 9 Pie Update in the US galaxynote9 '],0.0,1.0,0.0,0.0,Neutral
486,['Heres a HighRes Image of the Galaxy S10 galaxys10 '],0.0,1.0,0.0,0.0,Neutral
487,['Sprint Galaxy S9 Gets Android Pie One UI Update Too galaxys9 '],0.0,1.0,0.0,0.0,Neutral
488,['Verizon Galaxy S9 and S9 get updated with Pie and One UI '],0.0,1.0,0.0,0.0,Neutral
489,['Verizon Galaxy S9 S9 Now Getting Android Pie and One UI Update galaxys9 '],0.0,1.0,0.0,0.0,Neutral
490,['Galaxy Buds Reported to Launch Alongside Galaxy S10'],0.0,1.0,0.0,0.0,Neutral
491,['You buying the 1TB Galaxy S10']-------,0.0,1.0,0.0,0.0,Neutral
492,['Galaxy S9 on Xfinity Mobile getting Android Pie One UI update '],0.0,1.0,0.0,0.0,Neutral
493,['Android Pie Beta Now Open to US Galaxy S8 S8 and Note 8'],0.0,1.0,0.0,0.0,Neutral
494,['This is our best look at the Galaxy S10 and S10 yet '],0.0,0.741,0.259,0.259,Positive
495,['A Spicy New Look at the Galaxy S10 and Galaxy S10 galaxys10 '],0.0,1.0,0.0,0.0,Neutral
496,['Blockchain KeyStore spotted in Galaxy S10 software '],0.0,1.0,0.0,0.0,Neutral
497,['Is a 1500 Galaxy S10 with 5G connectivity DOA'],0.0,1.0,0.0,0.0,Neutral
498,['Haha What Galaxy S10 Leak Reveals a Blockchain KeyStore galaxys10 '],0.211,0.789,0.0,-0.211,Negative
499,['Galaxy S10 With 5G Reported to Cost Over 1500'],0.0,1.0,0.0,0.0,Neutral
500,['Unlocked Galaxy Note 9 is even cheaper now than it was earlier today 270 off'],0.0,1.0,0.0,0.0,Neutral
501,['DEAL US Unlocked Galaxy Note 9 is 754 at Amazon Today 245 Off galaxynote9 '],0.0,0.884,0.116,0.116,Positive
502,['Heres the Galaxy S10 E Galaxy S10 and Galaxy S10 '],0.0,1.0,0.0,0.0,Neutral
503,['Verizon LG V30 Galaxy S8 and S8 Updated With January Security Patch'],0.0,0.821,0.179,0.179,Positive
504,['Wow Look at These Galaxy S10 Cases']--,0.0,1.0,0.0,0.0,Neutral
505,['DEAL Unlocked Galaxy S9 at 525 is a Good Price galayxs9 '],0.0,0.775,0.225,0.225,Positive
506,['Galaxy S8 S8 Note 8 One UI Beta Now Open in Select Markets'],0.0,1.0,0.0,0.0,Neutral
507,['Everything we know about the Galaxy S10 and all of its variants in one handy dandy post '],0.0,1.0,0.0,0.0,Neutral
508,['Reported specs for the Galaxy S10 X are nuts '],0.223,0.777,0.0,-0.223,Negative
509,['Verizon Galaxy S8 S8 Get December Security Patch'],0.0,0.745,0.255,0.255,Positive
510,['Galaxy S10 unveiling confirmed for February 20 '],0.0,1.0,0.0,0.0,Neutral
511,['TMobile Galaxy Note 9 Note 8 get RCS Universal Profile 10 support'],0.0,1.0,0.0,0.0,Neutral
512,['TMobile Galaxy Note 9 Note 8 Get RCS Universal Profile 10 Support'],0.0,1.0,0.0,0.0,Neutral
513,['Oh This the Galaxy S10 galaxys10 ']---,0.0,1.0,0.0,0.0,Neutral
514,['Actual Photo of Galaxy S10 Emerges Hole Punch Notch and All'],0.0,1.0,0.0,0.0,Neutral
515,['Lots of Galaxy Phones on TMobile are Getting Security Patch Updates'],0.0,0.806,0.194,0.194,Positive
516,['Verizon Galaxy S9 S9 and Note 8 Updated With December Security Patch'],0.0,0.806,0.194,0.194,Positive
517,['Galaxy Note 9 Getting One UI Beta 2 Update With Lots of Bug Squashing'],0.0,1.0,0.0,0.0,Neutral
518,['Galaxy A8s with InfinityO display is confirmed for China '],0.0,1.0,0.0,0.0,Neutral
519,['One UI registration opens again for Galaxy Note 9 owners You best hurry'],0.0,0.724,0.276,0.276,Positive
520,['Galaxy Note 9 owners you get in the One UI beta'],0.0,1.0,0.0,0.0,Neutral
521,['One UI Beta Opened to Limited Number of Galaxy Note 9 Owners'],0.156,0.738,0.107,-0.049,Negative
522,['Amazon is selling Galaxy devices at 200 discount bundled with Amazon Echo devices '],0.0,0.884,0.116,0.116,Positive
523,['DEAL Amazon Selling Galaxy S9 S9 Note 9 200 Off With Free Echo 2nd Gen Echo Spot'],0.0,0.737,0.263,0.263,Positive
524,['Camera Shootout Pixel 3 XL vs OnePlus 6T vs RED Hydrogen One vs Galaxy Note 9 vs Mate 20 Pro'],0.0,1.0,0.0,0.0,Neutral
525,['Ready for a Galaxy S phone with 5G connectivity and 6 cameras Its apparently coming '],0.0,1.0,0.0,0.0,Neutral
526,['Report Variant of Galaxy S10 to Offer 5G Four Rear Cameras'],0.0,1.0,0.0,0.0,Neutral
527,['Galaxy S10 May Skip the Notch for an InfinityO Display galaxys10 '],0.0,1.0,0.0,0.0,Neutral
528,['Black Friday deals for Google products Galaxy Phones are lookin good'],0.0,1.0,0.0,0.0,Neutral
529,['Verizon Updates Galaxy S9 RED Hydrogen Moto Z and More'],0.0,1.0,0.0,0.0,Neutral
530,['You Buying a Foldable Galaxy F Phone for 1700'],0.0,1.0,0.0,0.0,Neutral
531,['Black Friday 2018 Deals Lookin Great for Pixel 3 Galaxy Phones deals '],0.0,0.728,0.272,0.272,Positive
532,['Instant Tethering Comes to More Chromebooks and Android Devices'],0.0,1.0,0.0,0.0,Neutral
>>>>>>> 0ca78be2478ebae1f75a25a8f4b76aa23edf66d8
