,0,1
0,['With its 6000 mAh battery the Samsung GalaxyM30s might just be the phone to end all your battery life woes Ther '],"{'neg': 0.121, 'neu': 0.879, 'pos': 0.0, 'compound': -0.4404}"
1,[' is worried that Samsung will benefit from the USChina trade war Report '],"{'neg': 0.303, 'neu': 0.547, 'pos': 0.149, 'compound': -0.4767}"
2,['In what is possibly the most unnecessary leak of the year its been suggested that GalaxyS11 will be powered by t '],"{'neg': 0.118, 'neu': 0.882, 'pos': 0.0, 'compound': -0.3976}"
3,[' has updated software to fix problems with fingerprint recognition features on GalaxyS10 and '],"{'neg': 0.162, 'neu': 0.838, 'pos': 0.0, 'compound': -0.4019}"
4,['The IMEI manipulation security vulnerability affects the  Galaxy S8 S9 S10 S10e S10 Plus S10 5G '],"{'neg': 0.2, 'neu': 0.683, 'pos': 0.117, 'compound': -0.1779}"
5,['After a long delay the redesigned GalaxyFold priced at 1980 will finally make its way to the US on 27 Septembe '],"{'neg': 0.103, 'neu': 0.897, 'pos': 0.0, 'compound': -0.3182}"
6,['A strange flash of light was seen by astronomers from the blackhole are at the heart of our Milky Way galaxy '],"{'neg': 0.079, 'neu': 0.921, 'pos': 0.0, 'compound': -0.2023}"
7,[' benefitted the most from  troubles this past year With the brand new GalaxyNote10 its '],"{'neg': 0.164, 'neu': 0.701, 'pos': 0.135, 'compound': -0.1477}"
