,0,1
0,['Tweets']------------------------------,"{'neg': 0.0, 'neu': 1.0, 'pos': 0.0, 'compound': 0.0}"
1,['Samsungs GalaxyFold nightmare continues A user has reported that the company logo on the hinge of the folding '],"{'neg': 0.0, 'neu': 1.0, 'pos': 0.0, 'compound': 0.0}"
2,['Priced at Rs 164999 Samsung GalaxyFold is now open for prebooking Here is all you need to know '],"{'neg': 0.0, 'neu': 1.0, 'pos': 0.0, 'compound': 0.0}"
3,['samsunggalaxys10 series gets Night sight mode for selfies live focus video and more Report '],"{'neg': 0.0, 'neu': 1.0, 'pos': 0.0, 'compound': 0.0}"
4,[' Samsung GalaxyM10s comes in a single variant with 3 GB RAM and 32 GB storage which is priced at Rs '],"{'neg': 0.0, 'neu': 1.0, 'pos': 0.0, 'compound': 0.0}"
5,[' Samsung GalaxyM30s has been announced in two variants  6 GB RAM  128 GB storage priced at Rs 1699 '],"{'neg': 0.0, 'neu': 1.0, 'pos': 0.0, 'compound': 0.0}"
6,['Samsung confirms that GalaxyFold will be available for purchase in Korea starting tomorrow  '],"{'neg': 0.0, 'neu': 1.0, 'pos': 0.0, 'compound': 0.0}"
7,['Samsung GalaxyM30s with whopper of a 6000 mAh battery to arrive on 18 September  '],"{'neg': 0.0, 'neu': 1.0, 'pos': 0.0, 'compound': 0.0}"
8,['Samsung Galaxy S11 series leaks hint at another foldable phone and at least three 5G smartphones '],"{'neg': 0.0, 'neu': 1.0, 'pos': 0.0, 'compound': 0.0}"
9,['The  GalaxyA10S can be purchased across all retail stores eShop Samsung Opera House and all major leadi '],"{'neg': 0.0, 'neu': 1.0, 'pos': 0.0, 'compound': 0.0}"
10,['Samsung just announced a 108 MP image sensor for smartphones'],"{'neg': 0.0, 'neu': 1.0, 'pos': 0.0, 'compound': 0.0}"
11,['Samsungs new SPen is more magic wand than stylus  '],"{'neg': 0.0, 'neu': 1.0, 'pos': 0.0, 'compound': 0.0}"
12,['Samsung just announced that the GalaxyNote10 series will be priced starting Rs 69999 in India Heres a specs com '],"{'neg': 0.0, 'neu': 1.0, 'pos': 0.0, 'compound': 0.0}"
13,['     That was all from the Samsung Unpacked 2019 event We will send '],"{'neg': 0.0, 'neu': 1.0, 'pos': 0.0, 'compound': 0.0}"
14,['     The Samsung Galaxy Note 10 starts at a price of 949 whereas the '],"{'neg': 0.0, 'neu': 1.0, 'pos': 0.0, 'compound': 0.0}"
15,['     The Samsung Galaxy Book S priced at 999 and it will be availabl '],"{'neg': 0.0, 'neu': 1.0, 'pos': 0.0, 'compound': 0.0}"
16,['     Samsung claims the Galaxy Book S has a battery life of 23 hours'],"{'neg': 0.0, 'neu': 1.0, 'pos': 0.0, 'compound': 0.0}"
17,['    Samsung just announced a new laptop called the Galaxy Book S powered by th '],"{'neg': 0.0, 'neu': 1.0, 'pos': 0.0, 'compound': 0.0}"
18,['    Samsung DeX can now work with Windows laptops and MacBooks with just a USBC cable'],"{'neg': 0.0, 'neu': 1.0, 'pos': 0.0, 'compound': 0.0}"
19,['   With the tap of a button Samsung users will be able to mirror their screens on '],"{'neg': 0.0, 'neu': 1.0, 'pos': 0.0, 'compound': 0.0}"
20,['  Samsung is partnering with  for integrated experiences between mobile and laptop dev '],"{'neg': 0.0, 'neu': 1.0, 'pos': 0.0, 'compound': 0.0}"
21,[' Samsung is opening the S Pen SDK for developers to implement more functionality Note 10 users will also b '],"{'neg': 0.0, 'neu': 1.0, 'pos': 0.0, 'compound': 0.0}"
22,['Samsung GalaxyUnpacked event will be held on 8 August at 100 am IST here is how you can watch it live '],"{'neg': 0.0, 'neu': 1.0, 'pos': 0.0, 'compound': 0.0}"
23,['The 5G variant of the upcoming Samsung GalaxyNote10Plus gets an unofficial release date '],"{'neg': 0.0, 'neu': 1.0, 'pos': 0.0, 'compound': 0.0}"
24,['From Samsung GalaxyM40 to RedmiY3 here are all the smartphones will be available on discount during the upcoming '],"{'neg': 0.0, 'neu': 1.0, 'pos': 0.0, 'compound': 0.0}"
25,['Samsung GalaxyA80 is now on sale It comes with a flip camera 3700 mAh battery more Before you make the purcha '],"{'neg': 0.0, 'neu': 1.0, 'pos': 0.0, 'compound': 0.0}"
26,['Samsung Galaxy Tab S6 might feature an AMOLED display and latest Qualcomm Snapdragon 855 chipset Read more details '],"{'neg': 0.0, 'neu': 1.0, 'pos': 0.0, 'compound': 0.0}"
27,['Samsung GalaxyA80 with a rotating camera is now open for prebooking on  and the company website '],"{'neg': 0.0, 'neu': 1.0, 'pos': 0.0, 'compound': 0.0}"
28,[' has posted a statement suggesting Galaxy S10 and Note10 users remove the screen protectors and reregiste '],"{'neg': 0.0, 'neu': 1.0, 'pos': 0.0, 'compound': 0.0}"
29,[' is working on a fix that allowed any fingerprint to unlock the Galaxy S10 It uses an indisplay ult '],"{'neg': 0.0, 'neu': 1.0, 'pos': 0.0, 'compound': 0.0}"
30,[' GalaxyS10 series has reportedly already started receiving OneUI2 in the US'],"{'neg': 0.0, 'neu': 1.0, 'pos': 0.0, 'compound': 0.0}"
31,['iPhoneXR OnePlus7Pro GalaxyNote9 all selling at Rs 42999 at GreatIndianFestival on  '],"{'neg': 0.0, 'neu': 1.0, 'pos': 0.0, 'compound': 0.0}"
32,[' unveiled GalaxyWatchActive2  GalaxyWatch4G  GalaxyTabS6 in India To starting selling today on '],"{'neg': 0.0, 'neu': 1.0, 'pos': 0.0, 'compound': 0.0}"
33,['The  GalaxyA20s has been announced in India for a starting price of Rs 11999'],"{'neg': 0.0, 'neu': 1.0, 'pos': 0.0, 'compound': 0.0}"
34,['GalaxyFold is finally arriving in India today Here is all you need to know  '],"{'neg': 0.0, 'neu': 1.0, 'pos': 0.0, 'compound': 0.0}"
35,['You can buy GalaxyFold starting tomorrow Here is all you need to know  '],"{'neg': 0.0, 'neu': 1.0, 'pos': 0.0, 'compound': 0.0}"
36,['Astronomers have discovered a 13billionyearold galaxy cluster that is the earliest ever observed'],"{'neg': 0.0, 'neu': 1.0, 'pos': 0.0, 'compound': 0.0}"
37,['The  GalaxyWatchActive2 is priced at 279 and it is already on sale in the US '],"{'neg': 0.0, 'neu': 1.0, 'pos': 0.0, 'compound': 0.0}"
38,['You think GalaxyNote10 is heavy on your pocket Rumour has it that  might be working on an affordabl '],"{'neg': 0.0, 'neu': 1.0, 'pos': 0.0, 'compound': 0.0}"
39,['The  GalaxyA10s features a 62inch HD InfinityV display with a resolution of 720 x 1520 pixels Yo '],"{'neg': 0.0, 'neu': 1.0, 'pos': 0.0, 'compound': 0.0}"
40,[' unveils GalaxyA20s with triple rear camera setup and a 65inch display'],"{'neg': 0.0, 'neu': 1.0, 'pos': 0.0, 'compound': 0.0}"
41,[' is going to start rolling out the Android10 beta program for the GalaxyNote10 and GalaxyS10 devi '],"{'neg': 0.0, 'neu': 1.0, 'pos': 0.0, 'compound': 0.0}"
42,[' galaxym30s with a 6000 mAh battery and a triple camera setup will launch today Before it goes of '],"{'neg': 0.0, 'neu': 1.0, 'pos': 0.0, 'compound': 0.0}"
43,['The  GalaxyA50s and GalaxyA30s feature a triple rear camera setup and an indisplay fingerprint sensor '],"{'neg': 0.0, 'neu': 1.0, 'pos': 0.0, 'compound': 0.0}"
44,['The  GalaxyM30s is about to be announced in India on 18 September '],"{'neg': 0.0, 'neu': 1.0, 'pos': 0.0, 'compound': 0.0}"
45,['The GalaxyFold will reportedly hit the shelves in the South Korean market on 6 September however  '],"{'neg': 0.0, 'neu': 1.0, 'pos': 0.0, 'compound': 0.0}"
46,['Leaks suggest that upcoming GalaxyA71 and GalaxyA91 might come with  10  '],"{'neg': 0.0, 'neu': 1.0, 'pos': 0.0, 'compound': 0.0}"
47,['Rumour has it that  might release its GalaxyFold in Korea on 6 September'],"{'neg': 0.0, 'neu': 1.0, 'pos': 0.0, 'compound': 0.0}"
48,[' is reportedly planning to launch a new smartphone under the Galaxy Mseries which will sport a trip '],"{'neg': 0.0, 'neu': 1.0, 'pos': 0.0, 'compound': 0.0}"
49,['Its official  GalaxyNote10 will launch in India on 20 August '],"{'neg': 0.0, 'neu': 1.0, 'pos': 0.0, 'compound': 0.0}"
50,['ICYMI the supermassive blackhole at the heart of our Milky Way galaxy Sagittarius A emitted a mysterious flas '],"{'neg': 0.0, 'neu': 1.0, 'pos': 0.0, 'compound': 0.0}"
51,['The  Galaxy A70s will have specs similar to the Galaxy A70'],"{'neg': 0.0, 'neu': 1.0, 'pos': 0.0, 'compound': 0.0}"
52,['GalaxyNote10 and GalaxyNote10Plus prebookings have started in India and will go on till 22 August Here is how '],"{'neg': 0.0, 'neu': 1.0, 'pos': 0.0, 'compound': 0.0}"
53,['The new S Pen enables a lot of unique features on  Galaxy Note 10 series'],"{'neg': 0.0, 'neu': 1.0, 'pos': 0.0, 'compound': 0.0}"
54,['The  Unpacked 2019 event showcased a new Galaxy Book S laptop powered by  Snapdragon 8cx process '],"{'neg': 0.0, 'neu': 1.0, 'pos': 0.0, 'compound': 0.0}"
55,[' The new S Pen will be compatible with more devices including the newly announced Galaxy Tab S6'],"{'neg': 0.0, 'neu': 1.0, 'pos': 0.0, 'compound': 0.0}"
56,[' The Galaxy Note 10 and Note 10 Plus are official '],"{'neg': 0.0, 'neu': 1.0, 'pos': 0.0, 'compound': 0.0}"
57,['The  Galaxy Unpacked 2019 has begun where the company could be launching the Galaxy Note 10 Stay tuned for updates'],"{'neg': 0.0, 'neu': 1.0, 'pos': 0.0, 'compound': 0.0}"
58,['A few more hours to go for the GalaxyUnpacked event to kick off But before that here is a wrap of all the design '],"{'neg': 0.0, 'neu': 1.0, 'pos': 0.0, 'compound': 0.0}"
59,['Hours ahead of the official GalaxyUnpacked launch variants and pricing of the GalaxyNote10 smartphones have lea '],"{'neg': 0.0, 'neu': 1.0, 'pos': 0.0, 'compound': 0.0}"
60,['With just a day to go for the launch of the  GalaxyNote10Plus  points out the improvemen '],"{'neg': 0.0, 'neu': 1.0, 'pos': 0.0, 'compound': 0.0}"
61,['  brand new GalaxyWatchActive2 brings back bezel control without a rotating physical bezel '],"{'neg': 0.0, 'neu': 1.0, 'pos': 0.0, 'compound': 0.0}"
62,[' may unveil the Exynos 9825 chipset on 7 AugustGalaxyUnpacked '],"{'neg': 0.0, 'neu': 1.0, 'pos': 0.0, 'compound': 0.0}"
63,['Recent leaks suggest that GalaxyNote10 might hit the retail stores on 23 August  '],"{'neg': 0.0, 'neu': 1.0, 'pos': 0.0, 'compound': 0.0}"
64,['It appears  in an effort to compete with GalaxyFold had rushed its signature product the MateX '],"{'neg': 0.0, 'neu': 1.0, 'pos': 0.0, 'compound': 0.0}"
65,['This new colour variant for the  Galaxy Buds will be called Aura Glow and it will come in a silver case'],"{'neg': 0.0, 'neu': 1.0, 'pos': 0.0, 'compound': 0.0}"
66,['The  GalaxyA10s is said to be powered by an Exynos chipset with a clock speed of 16GHz '],"{'neg': 0.0, 'neu': 1.0, 'pos': 0.0, 'compound': 0.0}"
67,['Are we finally going to see the  GalaxyFold launch soon '],"{'neg': 0.0, 'neu': 1.0, 'pos': 0.0, 'compound': 0.0}"
68,['  has officially taken the wraps off the Galaxy A80 smartphone in India and has priced the deviceRs 4799 '],"{'neg': 0.0, 'neu': 1.0, 'pos': 0.0, 'compound': 0.0}"
69,['Next are the Acer Helios 300 and 700 The Helios series packs  RTX graphics cards in the MaxQ desi '],"{'neg': 0.0, 'neu': 1.0, 'pos': 0.0, 'compound': 0.0}"
70,[' to unveil its S series in India on 7 August expected to launch VivoS1 '],"{'neg': 0.0, 'neu': 1.0, 'pos': 0.0, 'compound': 0.0}"
