Date,Open,High,Low,Close,Adj Close,Volume
4/9/2015,29400,29780,29400,29660,287.633209,9107550
4/10/2015,29600,29880,29560,29800,288.990875,9960100
4/13/2015,29580,29820,29360,29580,286.857361,10293300
4/14/2015,29700,29700,29300,29480,285.887604,9429750
4/15/2015,29200,29400,28540,28920,280.45697,13551050
4/16/2015,29240,29540,28940,29540,286.469482,10762350
4/17/2015,29540,29560,28940,29000,281.232727,10172300
4/20/2015,28920,28960,28460,28600,277.353668,12394900
4/21/2015,28420,28900,28400,28880,280.069031,11852650
4/22/2015,28880,29460,28720,29220,283.366241,12655550
4/23/2015,29400,29400,28800,29020,281.426697,9245150
4/24/2015,28980,29100,28000,28200,273.474609,19089900
4/27/2015,28200,28220,27500,27900,270.565308,16517150
4/28/2015,27800,28000,27180,27320,264.940643,15697300
4/29/2015,27340,27880,27280,27700,268.625732,10895650
4/30/2015,27700,28360,27580,28200,273.474609,18352850
5/4/2015,28140,28460,27940,28000,271.535034,8283700
5/6/2015,27800,27820,27120,27240,264.164825,13270500
5/7/2015,27240,27500,27080,27400,265.716461,10257400
5/8/2015,27320,27400,26760,26760,259.509918,9488100
5/11/2015,27200,27200,26720,26720,259.12204,9640450
5/12/2015,26900,27060,26480,26620,258.152252,10633200
5/13/2015,26980,26980,26520,26660,258.540161,9877250
5/14/2015,26820,26860,26560,26800,259.897827,8488500
5/15/2015,27100,27120,26420,26520,257.182495,8922350
5/18/2015,26700,26700,26180,26400,256.018768,9626850
5/19/2015,26420,27100,26140,26760,259.509918,8680900
5/20/2015,26980,27400,26820,27320,264.940643,10291450
5/21/2015,27420,27440,26880,27040,262.225281,7210600
5/22/2015,27060,27060,26700,27000,261.837372,8195800
5/26/2015,27320,27380,26720,27240,264.164825,10034150
5/27/2015,27200,27320,26260,26280,254.855087,17265450
5/28/2015,26340,26420,26020,26180,253.8853,15048150
5/29/2015,26400,26420,25940,26140,253.497406,17380750
6/1/2015,26000,26020,25760,25820,250.394119,10921950
6/2/2015,26000,26060,25760,26060,252.721558,8757550
6/3/2015,26060,26320,25300,25460,246.902939,11769400
6/4/2015,26300,26820,26100,26740,259.31601,19411950
6/5/2015,26500,27100,26400,26820,260.091827,9828150
6/8/2015,26900,26940,26260,26280,254.855087,10118950
6/9/2015,26000,26200,25360,25640,248.64856,13735250
6/10/2015,25640,25880,25240,25240,244.769485,12501700
6/11/2015,25260,25480,25060,25140,243.799698,15314050
6/12/2015,25560,25740,25280,25540,247.678802,11741500
6/15/2015,25100,25480,25100,25400,246.321121,8067800
6/16/2015,25400,25480,24900,25100,243.411819,12767600
6/17/2015,25000,25320,24800,25080,243.217789,9452300
6/18/2015,25180,25580,25020,25300,245.351349,8247600
6/19/2015,25320,25560,25200,25320,245.545303,7094750
6/22/2015,25820,25920,25520,25620,248.454575,6370900
6/23/2015,26180,26560,25820,26420,256.212708,10159000
6/24/2015,26000,26220,25820,26040,252.527603,10198000
6/25/2015,25800,26060,25380,25380,246.127121,10695800
6/26/2015,25040,25800,25040,25560,247.872711,10347500
6/29/2015,25380,25700,25120,25620,258.570831,11519950
6/30/2015,25520,25700,25320,25360,255.946747,9870350
7/1/2015,25360,26040,25180,25900,261.396729,8324900
7/2/2015,25720,26080,25700,25980,262.204163,8223000
7/3/2015,25740,25880,25340,25360,255.946747,7130200
7/6/2015,25060,25200,24460,24600,248.276459,10099950
7/7/2015,24400,25180,24400,24800,250.294907,12478250
7/8/2015,24800,25020,24640,24780,250.093079,11780950
7/9/2015,24600,25300,24520,25300,255.341202,14030500
7/10/2015,25140,25320,24960,25180,254.130096,9573400
7/13/2015,25000,25440,24900,25320,255.543076,7672050
7/14/2015,25300,25400,24420,24500,247.267212,19989700
7/15/2015,24500,24760,24480,24700,249.28566,8370650
7/16/2015,24460,25740,24460,25640,258.772644,11173450
7/17/2015,26000,26220,25560,26100,263.415253,14861650
7/20/2015,25820,26080,25460,25500,257.359711,6446400
7/21/2015,25500,25540,24940,25260,254.9375,9702750
7/22/2015,24880,25200,24700,25060,252.919006,13416150
7/23/2015,24880,25060,24680,24680,249.083862,10448250
7/24/2015,24540,24760,24480,24580,248.0746,9829200
7/27/2015,24580,24940,24560,24600,248.276459,12152000
7/28/2015,24480,25020,24380,24600,248.276459,13381350
7/29/2015,25000,25500,24620,25260,254.9375,13734450
7/30/2015,25160,25200,24300,24300,245.248688,15419600
7/31/2015,24400,24440,23500,23700,239.193115,19579450
8/3/2015,23680,23680,23320,23500,237.174606,9844550
8/4/2015,23500,23740,23400,23640,238.58757,12844350
8/5/2015,23640,23640,23160,23180,233.945023,12802500
8/6/2015,23100,23120,22300,22300,225.063568,20199050
8/7/2015,22400,22740,22300,22720,229.302444,13787100
8/10/2015,22800,22840,22600,22820,230.311722,5722500
8/11/2015,23020,23580,22960,23140,233.541336,11664300
8/12/2015,23000,23280,22800,23080,232.935745,11154000
8/13/2015,23060,23060,22760,22800,230.109848,7520550
8/14/2015,22800,22800,22800,22800,230.109848,0
8/17/2015,22800,22820,22080,22080,222.843231,11360850
8/18/2015,22360,22820,22340,22620,228.293213,11583600
8/19/2015,23380,23520,22820,23080,232.935745,20070750
8/20/2015,23260,23420,22600,22780,229.90799,10805950
8/21/2015,21980,22560,21920,22020,222.237686,20442550
8/24/2015,21760,22300,20660,21580,217.796982,22429600
8/25/2015,21580,22140,21340,21580,217.796982,19625950
8/26/2015,21360,21480,21000,21340,215.374756,27947600
8/27/2015,21640,21720,21260,21340,215.374756,24769400
8/28/2015,21720,21720,21460,21620,218.200653,23111150
8/31/2015,21420,21780,21040,21780,219.815475,20415450
9/1/2015,21780,21960,21620,21700,219.008072,12018600
9/2/2015,21380,21900,21300,21800,220.017349,15634150
9/3/2015,22040,22500,21860,22440,226.476532,15200350
9/4/2015,22440,22880,22360,22580,227.889496,12570650
9/7/2015,22580,22580,22100,22240,224.458038,9590250
9/8/2015,22260,22720,22120,22620,228.293213,9116500
9/9/2015,22920,22940,22720,22940,231.522797,12968800
9/10/2015,22600,22780,22360,22680,228.898758,18128400
9/11/2015,22520,22660,22300,22300,225.063568,10208350
9/14/2015,22400,22480,22200,22480,226.880234,8353650
9/15/2015,22280,22560,22260,22460,226.678391,11647800
9/16/2015,22420,23140,22420,23040,232.532074,17188150
9/17/2015,23060,23140,22880,23140,233.541336,13698000
9/18/2015,22900,23840,22700,23800,240.202423,21813500
9/21/2015,23260,23460,23000,23000,232.128387,10267950
9/22/2015,22860,23000,22600,22900,231.119125,12533750
9/23/2015,22880,22880,22500,22620,228.293213,9882450
9/24/2015,22520,22700,22500,22520,227.283936,6636050
9/25/2015,22400,22500,22180,22240,224.458038,10458000
9/30/2015,22000,22680,21800,22680,228.898758,22946800
10/1/2015,22800,22900,22420,22680,228.898758,12052050
10/2/2015,22240,22660,22240,22380,225.871002,13715100
10/5/2015,22380,22620,22300,22300,225.063568,12096750
10/6/2015,22600,23100,22540,23020,232.330215,19149350
10/7/2015,23960,25040,23720,25020,252.515274,39975100
10/8/2015,25000,25580,25000,25400,256.350494,28533850
10/12/2015,25200,25260,24940,25200,254.33194,18948700
10/13/2015,25200,25440,24960,25040,252.717194,9900000
10/14/2015,24960,25200,24740,25080,253.120865,8752550
10/15/2015,24880,25640,24860,25380,256.148621,12425150
10/16/2015,25300,25380,25180,25300,255.341202,7198400
10/19/2015,25140,25300,24980,25120,253.524521,5853500
10/20/2015,25200,25460,25120,25320,255.543076,7517350
10/21/2015,25300,25640,25180,25400,256.350494,6978350
10/22/2015,25600,25900,25380,25600,258.368958,11533650
10/23/2015,26000,26000,25560,25780,260.185638,13153550
10/26/2015,25960,25960,25440,25840,260.791168,7608250
10/27/2015,25640,25980,25620,25960,262.002289,6612050
10/28/2015,25880,26160,25820,26160,264.020813,13565150
10/29/2015,26600,27840,26480,26500,267.452271,31523550
10/30/2015,26900,27800,26820,27440,276.939209,25469250
11/2/2015,27700,27860,27480,27660,279.159607,19327300
11/3/2015,27620,27620,27000,27040,272.902252,15092000
11/4/2015,27040,27220,26520,26600,268.461548,14053500
11/5/2015,26600,27080,26600,26840,270.883698,8652100
11/6/2015,26860,26960,26600,26760,270.076324,8216100
11/9/2015,26760,26880,26420,26880,271.287384,9283050
11/10/2015,26720,26820,26280,26420,266.644897,9877550
11/11/2015,26420,26900,26420,26660,269.067017,7022450
11/12/2015,26660,26680,26340,26340,265.837433,7870850
11/13/2015,26340,26340,26000,26000,262.406006,8883850
11/16/2015,25820,25820,25260,25260,254.9375,13785250
11/17/2015,25500,25800,25400,25400,256.350494,9309200
11/18/2015,25440,25800,25440,25620,258.570831,8386750
11/19/2015,25800,25800,25420,25780,260.185638,9642500
11/20/2015,25780,25920,25560,25700,259.378235,8436000
11/23/2015,25700,26040,25620,25640,258.772644,9941000
11/24/2015,25640,26100,25640,25980,262.204163,7978000
11/25/2015,26000,26200,25980,25980,262.204163,7131350
11/26/2015,25980,26800,25980,26700,269.470734,9290000
11/27/2015,26900,26980,26540,26540,267.855957,8492700
11/30/2015,26500,26500,25680,25680,259.176392,26700300
12/1/2015,25880,26440,25760,26420,266.644897,12605650
12/2/2015,26420,26440,25880,26000,262.406006,11481400
12/3/2015,25900,25940,25720,25800,260.387482,8334750
12/4/2015,25500,25600,25340,25380,256.148621,9635550
12/7/2015,25380,25500,25240,25240,254.735657,9805350
12/8/2015,25240,25440,25240,25240,254.735657,6916100
12/9/2015,25240,25500,25240,25260,254.9375,9090600
12/10/2015,25260,25860,25260,25660,258.974518,15193350
12/11/2015,25660,25900,25440,25680,259.176392,10336450
12/14/2015,25460,25460,25100,25220,254.533798,11140050
12/15/2015,25220,25600,25200,25540,257.763428,8774700
12/16/2015,25560,26200,25560,25980,262.204163,10398100
12/17/2015,26020,26160,25500,25800,260.387482,8733850
12/18/2015,25300,25760,25280,25560,257.965271,8418450
12/21/2015,25560,25700,25220,25600,258.368958,8023300
12/22/2015,25600,25840,25340,25840,260.791168,10309600
12/23/2015,25840,25980,25640,25900,261.396729,10357400
12/24/2015,25900,26000,25700,25700,259.378235,7807550
12/28/2015,25700,25780,25320,25320,255.543076,11361500
12/29/2015,25300,25320,24820,25080,1204.702881,11647200
12/30/2015,25200,25440,25080,25200,1210.466919,10197900
1/4/2016,25200,25200,24100,24100,1157.62915,15346950
1/5/2016,24040,24360,23720,24160,1160.51123,10800100
1/6/2016,24160,24160,23360,23500,1128.80835,18337600
1/7/2016,23320,23660,23020,23260,1117.280273,14119400
1/8/2016,23260,23720,23260,23420,1124.965698,12888150
1/11/2016,23120,23320,22920,23040,1106.712646,12063850
1/12/2016,22960,23320,22880,22920,1100.948608,10314150
1/13/2016,23060,23180,22960,22960,1102.869751,7165800
1/14/2016,22620,22840,22620,22760,1093.263062,10451100
1/15/2016,22800,23040,22480,22640,1087.498779,10473200
1/18/2016,21760,22660,21760,22520,1081.734741,16010700
1/19/2016,22560,23420,22560,23420,1124.965698,10362100
1/20/2016,23200,23200,22640,22760,1093.263062,8352600
1/21/2016,22660,23100,22500,22620,1086.53833,9517600
1/22/2016,22900,23360,22900,23360,1122.08374,7376400
1/25/2016,23440,23520,23120,23240,1116.31958,7995650
1/26/2016,23100,23140,22720,22740,1092.302368,7619950
1/27/2016,22520,23500,22520,23500,1128.80835,13811850
1/28/2016,23280,23360,22780,22900,1099.987793,15795600
1/29/2016,22800,23000,22320,23000,1104.791382,21849150
2/1/2016,23040,23260,23020,23260,1117.280273,12998950
2/2/2016,23220,23320,22940,23120,1110.55542,8317400
2/3/2016,23000,23040,22740,22920,1100.948608,8725350
2/4/2016,23000,23220,22960,23120,1110.55542,12397950
2/5/2016,23120,23380,23120,23280,1118.240845,9404700
2/11/2016,22360,22740,22360,22600,1085.577515,15263100
2/12/2016,22600,23020,22440,22600,1085.577515,12811600
2/15/2016,23080,23200,22880,23080,1108.633911,9157300
2/16/2016,23160,23580,23140,23360,1122.08374,9020050
2/17/2016,23580,24020,23380,23700,1138.415283,12303100
2/18/2016,24060,24060,23560,23740,1140.33667,11124050
2/19/2016,23740,23900,23480,23800,1143.218872,8842600
2/22/2016,23800,23840,23320,23500,1128.80835,8744950
2/23/2016,23580,23780,23460,23620,1134.572632,7383700
2/24/2016,23560,23580,23220,23440,1125.926514,7024200
2/25/2016,23440,23740,23440,23580,1132.651245,6681750
2/26/2016,23600,23740,23440,23440,1125.926514,8867200
2/29/2016,23580,23880,23520,23560,1131.69043,14434000
3/2/2016,24000,24140,23920,23940,1149.943604,11818600
3/3/2016,24260,24400,24040,24400,1172.039429,10949550
3/4/2016,24400,24560,24040,24300,1167.236084,10074500
3/7/2016,24400,24620,24300,24460,1174.921631,6568800
3/8/2016,24460,24480,23720,23840,1145.140137,10810100
3/9/2016,23760,23980,23540,23880,1147.061523,9169000
3/10/2016,24160,24720,24020,24500,1176.843018,14177000
3/11/2016,24500,25060,24320,24980,1199.899536,13361250
3/14/2016,25340,25460,24980,25100,1205.663696,10857700
3/15/2016,25100,25280,24920,25060,1203.742188,8640400
3/16/2016,25120,25260,25060,25120,1206.624146,7342800
3/17/2016,25300,25920,25140,25260,1213.348999,12343450
3/18/2016,25560,25560,25260,25460,1222.955933,11265700
3/21/2016,25480,25580,25160,25340,1217.191895,9058500
3/22/2016,25340,25580,25240,25380,1219.113159,10143600
3/23/2016,25380,25580,25240,25580,1228.719971,9870900
3/24/2016,25580,25800,25320,25640,1231.602173,10939750
3/25/2016,25660,25800,25560,25760,1237.366333,7172300
3/28/2016,25760,26000,25760,25880,1243.130493,6060900
3/29/2016,25880,26000,25700,25800,1239.28772,8622700
3/30/2016,26200,26420,26040,26160,1256.579956,13380250
3/31/2016,26120,26280,25960,26240,1260.422729,19130750
4/1/2016,25980,26180,25420,25580,1228.719971,13557800
4/4/2016,25580,26100,25580,26100,1253.697998,9402300
4/5/2016,25980,25980,25200,25200,1210.466919,11815950
4/6/2016,25380,25820,25360,25700,1234.484253,9211700
4/7/2016,26000,26000,25160,25380,1219.113159,12939750
4/8/2016,25380,25380,24800,24920,1197.017212,12593400
4/11/2016,24920,25420,24920,25320,1216.231201,6034650
4/12/2016,25400,25620,25320,25500,1224.877319,6702700
4/14/2016,26000,26040,25780,26000,1248.894531,16766350
4/15/2016,26180,26200,25800,26000,1248.894531,6829950
4/18/2016,25900,26100,25840,25980,1247.933838,6423700
4/19/2016,25880,25920,25660,25760,1237.366333,7238300
4/20/2016,25640,26000,25640,25980,1247.933838,8598600
4/21/2016,26000,26020,25760,25880,1243.130493,7254450
4/22/2016,25880,25880,25540,25600,1229.680786,5741500
4/25/2016,25700,25700,25420,25620,1230.641602,4597850
4/26/2016,25700,26100,25660,25920,1245.051758,8345050
4/27/2016,25880,26000,25720,26000,1248.894531,8297300
4/28/2016,26000,26000,25220,25300,1215.270386,14653450
4/29/2016,25200,25340,24840,24900,1196.056763,16253900
5/2/2016,24940,25240,24900,25000,1200.860107,7027600
5/3/2016,25340,25400,25120,25220,1211.427612,7903300
5/4/2016,25440,25800,25240,25800,1239.28772,14702750
5/9/2016,25800,26000,25700,25980,1247.933838,13718100
5/10/2016,25980,26000,25760,25920,1245.051758,8559550
5/11/2016,25920,25980,25740,25840,1241.208984,8834400
5/12/2016,25840,25840,25500,25620,1230.641602,7615100
5/13/2016,25620,25620,25020,25060,1203.742188,12284900
5/16/2016,25060,25260,24940,24960,1198.938843,11720150
5/17/2016,24980,25300,24980,25280,1214.309814,9183550
5/18/2016,25280,25420,25100,25360,1218.152344,9169600
5/19/2016,25360,25540,25320,25400,1220.073975,10012450
5/20/2016,25400,25600,25380,25380,1219.113159,7960550
5/23/2016,25380,25720,25380,25720,1235.444946,8112550
5/24/2016,25720,25780,25360,25420,1221.034668,10434600
5/25/2016,25660,25960,25480,25900,1244.091064,11862750
5/26/2016,25980,26060,25900,25920,1245.051758,12653650
5/27/2016,26000,26020,25460,25640,1231.602173,13744550
5/30/2016,25940,25940,25480,25600,1229.680786,10315350
5/31/2016,25600,26000,25360,25840,1241.208984,62527700
6/1/2016,25960,26820,25900,26660,1280.597046,23504000
6/2/2016,27000,27440,26920,27300,1311.339478,23806950
6/3/2016,27400,27580,27280,27540,1322.86731,17066200
6/7/2016,27720,28040,27600,27960,1343.041992,23142150
6/8/2016,28380,28380,27780,28120,1350.727417,18808100
6/9/2016,28160,28600,28120,28600,1373.783936,25768750
6/10/2016,28480,28500,28080,28120,1350.727417,14484050
6/13/2016,27920,27920,27240,27420,1317.103394,15248300
6/14/2016,27420,27720,27380,27600,1325.749634,12273050
6/15/2016,27700,28320,27660,28260,1357.452515,15334450
6/16/2016,28260,28340,27900,28180,1353.609497,14621550
6/17/2016,28200,28700,28200,28520,1369.941284,16419700
6/20/2016,28540,28960,28520,28620,1374.744751,13515800
6/21/2016,28640,28980,28520,28960,1391.07605,10020550
6/22/2016,28920,29000,28620,28900,1388.194214,8948250
6/23/2016,28880,28900,28540,28600,1373.783936,11256300
6/24/2016,28900,28900,27200,28000,1344.963257,20552600
6/27/2016,28000,28100,27700,27960,1343.041992,11839000
6/28/2016,27800,28080,27580,27980,1344.002563,10718950
6/29/2016,28160,28240,27820,27920,1390.828491,10527050
6/30/2016,28160,28900,27940,28500,1419.721313,13671700
7/1/2016,28540,29580,28540,29320,1460.569092,14393600
7/4/2016,29280,29480,29020,29320,1460.569092,7995000
7/5/2016,29320,29500,29240,29380,1463.557983,7870350
7/6/2016,28940,29040,28240,28420,1415.735962,16749150
7/7/2016,28420,29000,28320,29000,1444.628418,11495200
7/8/2016,29000,29500,28980,29200,1454.591309,13498150
7/11/2016,29200,30000,29200,29780,1483.483887,14056800
7/12/2016,29980,30100,29200,29280,1458.576904,11024700
7/13/2016,29920,29920,29260,29620,1475.51355,10009900
7/14/2016,29620,30000,29520,30000,1494.443237,12430250
7/15/2016,30000,30440,29720,30360,1512.376587,11623150
7/18/2016,30360,30660,30000,30660,1527.320923,11567200
7/19/2016,30560,30800,30440,30660,1527.320923,10122250
7/20/2016,30660,30840,30480,30800,1534.295166,7773150
7/21/2016,30800,30940,30740,30860,1537.28418,8544700
7/22/2016,30120,30560,30120,30320,1510.383911,8585150
7/25/2016,30000,30460,29900,30040,1496.435913,7732500
7/26/2016,30000,30620,29960,30600,1524.332031,7228500
7/27/2016,30240,30580,30240,30540,1521.34314,6335050
7/28/2016,30660,30720,29960,30140,1501.417358,9503700
7/29/2016,30400,31140,30220,30780,1533.298828,14985600
8/1/2016,31380,31600,31200,31360,1562.191406,11515400
8/2/2016,31360,31360,30920,30960,1542.265381,8315800
8/3/2016,30960,30960,30340,30340,1511.380371,7504900
8/4/2016,30380,30660,30340,30340,1511.380371,7009950
8/5/2016,30580,31280,30500,31220,1555.217407,6958850
8/8/2016,31320,31500,31120,31380,1563.187744,11125150
8/9/2016,31480,31580,31140,31340,1561.195313,9023200
8/10/2016,31340,31400,30680,30820,1535.291382,12340350
8/11/2016,30820,31180,30520,31180,1553.224731,10533600
8/12/2016,31180,31400,30880,30900,1539.276733,10474850
8/16/2016,30900,31520,30900,31360,1562.191406,10843100
8/17/2016,31380,31400,31020,31320,1560.198975,7446450
8/18/2016,31340,32880,31320,32800,1633.924683,18327050
8/19/2016,32760,33500,32720,33500,1668.794922,16805150
8/22/2016,33480,33840,33180,33300,1658.832031,12612200
8/23/2016,33300,33880,33140,33740,1680.750488,11545700
8/24/2016,33600,33640,32720,33060,1646.876587,15938550
8/25/2016,32600,33180,32440,32780,1632.928345,14173800
8/26/2016,32120,32460,32060,32240,1606.028442,12058000
8/29/2016,32040,32800,31940,32800,1633.924683,8925750
8/30/2016,32940,33420,32660,32900,1638.906128,7849600
8/31/2016,32820,32820,32220,32400,1613.998779,20532200
9/1/2016,31660,31760,31260,31740,1581.12085,18790150
9/2/2016,31900,32260,31760,31940,1591.084106,8153000
9/5/2016,31800,32300,31700,32120,1600.050781,8383800
9/6/2016,32140,32900,31940,32860,1636.913574,7660150
9/7/2016,32960,33040,32420,32420,1614.995117,9591850
9/8/2016,32460,32780,32280,32780,1632.928345,12070850
9/9/2016,32220,32360,31280,31500,1569.165527,13258400
9/12/2016,29800,30120,29120,29300,1459.572876,26499350
9/13/2016,30160,30980,29900,30540,1521.34314,24717250
9/19/2016,30760,31380,30720,31160,1552.228516,22408150
9/20/2016,31180,31760,31180,31700,1579.128418,12921150
9/21/2016,31900,32020,31520,31840,1586.102295,10509050
9/22/2016,32000,32820,31980,32360,1612.006348,11429950
9/23/2016,31640,31960,31320,31420,1565.180176,18299650
9/26/2016,31420,31920,31280,31360,1562.191406,14524800
9/27/2016,31000,31500,30660,31380,1563.187744,9834400
9/28/2016,31080,31460,31080,31340,1561.195313,8706400
9/29/2016,31460,32380,31440,32000,1594.072998,11397550
9/30/2016,31800,32300,31700,31960,1592.0802,11762700
10/4/2016,32200,32480,32120,32280,1608.020996,13053100
10/5/2016,32020,32520,31940,32380,1613.002441,12470450
10/6/2016,33920,34000,33340,33820,1684.735596,29558150
10/7/2016,34000,34320,33800,34120,1699.680054,26050550
10/10/2016,33000,33780,32560,33600,1673.776611,25293300
10/11/2016,32000,32500,30900,30900,1539.276733,38427150
10/12/2016,29900,30900,29880,30700,1529.313721,39088550
10/13/2016,31000,31620,30900,31140,1551.232056,21864550
10/14/2016,30960,31760,30940,31540,1571.157959,14158950
10/17/2016,31300,32040,30760,31800,1584.109863,12785200
10/18/2016,31440,31900,31440,31780,1583.113647,10384500
10/19/2016,31580,32860,31500,32500,1618.980225,15444550
10/20/2016,32520,33020,32180,32400,1613.998779,10330450
10/21/2016,32120,32260,31760,31780,1583.113647,10477500
10/24/2016,31860,32160,31800,32160,1602.043091,9289950
10/25/2016,32000,32080,31840,31940,1591.084106,9866100
10/26/2016,31940,31980,31240,31340,1561.195313,10534000
10/27/2016,31420,32340,31120,31460,1567.172974,14117000
10/28/2016,31600,32280,31600,32280,1608.020996,10214200
10/31/2016,32320,32780,32220,32780,1632.928345,12067200
11/1/2016,32600,33040,32240,33040,1645.880249,10347400
11/2/2016,32800,33040,32620,32860,1636.913574,10099250
11/3/2016,32600,32800,32120,32320,1610.01355,10341850
11/4/2016,32100,32680,32100,32540,1620.973022,7103850
11/7/2016,32940,33000,32680,32800,1633.924683,7661900
11/8/2016,32980,32980,32700,32880,1637.910034,5417450
11/9/2016,32920,33140,31820,31920,1590.087769,15683600
11/10/2016,32600,33000,32360,32980,1642.891235,11795350
11/11/2016,31700,32360,31700,31960,1592.0802,12836800
11/14/2016,31900,31920,31040,31060,1547.24707,15133300
11/15/2016,31060,31620,30780,30780,1533.298828,13665700
11/16/2016,30800,31280,30800,31160,1552.228516,13308200
11/17/2016,31100,31520,30900,31360,1562.191406,7870550
11/18/2016,31640,31760,31400,31720,1580.124756,9460750
11/21/2016,31300,32120,31300,31860,1587.098999,8180200
11/22/2016,32140,32900,32000,32800,1633.924683,9751100
11/23/2016,33220,33220,32520,32980,1642.891235,12668600
11/24/2016,32980,33040,32660,33000,1643.887573,7757150
11/25/2016,32820,33040,32660,33000,1643.887573,6276900
11/28/2016,33000,33620,32800,33540,1670.787964,13294050
11/29/2016,33800,33960,33380,33540,1670.787964,18081300
11/30/2016,33540,34940,33540,34920,1739.53186,28535200
12/1/2016,34800,35060,34660,34980,1742.520752,15535350
12/2/2016,34480,34760,34140,34540,1720.602173,15352950
12/5/2016,34340,34680,34220,34360,1711.635742,8484600
12/6/2016,34440,35200,34400,34960,1741.524658,14001800
12/7/2016,35040,35480,35040,35440,1765.435425,9603650
12/8/2016,35980,36020,35520,35800,1783.368896,16462550
12/9/2016,35900,35900,35400,35600,1773.406128,10652450
12/12/2016,34660,35360,34660,35040,1745.509644,11414450
12/13/2016,34620,35440,34620,35320,1759.458008,11684450
12/14/2016,35560,35680,35280,35540,1770.417236,7455100
12/15/2016,34820,35500,34820,35180,1752.484131,5773550
12/16/2016,35300,36020,35200,35860,1786.357666,11747700
12/19/2016,35620,36380,35620,35900,1788.350586,5435800
12/20/2016,35920,36400,35840,36240,1805.287476,7615200
12/21/2016,36360,36600,36020,36100,1798.313232,6552100
12/22/2016,36260,36300,35980,36180,1802.298828,6354600
12/23/2016,36020,36080,35600,35640,1775.398682,8334850
12/26/2016,35600,36000,35560,35960,1791.339478,4823600
12/27/2016,35980,36200,35860,35980,1792.335571,4653450
12/28/2016,35840,35980,35600,35760,7558.246094,6662900
12/29/2016,35420,36040,35400,36040,7617.426758,7516450
1/2/2017,35980,36240,35880,36100,7630.10791,4650600
1/3/2017,36280,36620,36020,36480,7710.425293,7357650
1/4/2017,36500,36520,36100,36160,7642.790527,7971750
1/5/2017,36060,36060,35540,35560,7515.973145,10967450
1/6/2017,36180,36440,36040,36200,7651.245117,8880950
1/9/2017,36600,37500,36560,37220,7866.832031,13194900
1/10/2017,37280,37400,37080,37240,7871.05957,9099800
1/11/2017,37520,38560,37420,38280,8090.874512,12018150
1/12/2017,38000,38800,37980,38800,8200.782227,11669150
1/13/2017,38100,38320,37460,37460,7917.558105,15954450
1/16/2017,36860,37820,36320,36660,7748.470215,16611500
1/17/2017,36580,37460,36580,36960,7811.878418,8150700
1/18/2017,37040,37500,36620,36940,7807.651367,8875400
1/19/2017,37720,37920,37020,37480,7921.786133,9418900
1/20/2017,37120,37420,36880,37200,7862.604004,9185000
1/23/2017,37200,38060,37000,38060,8044.374512,8810400
1/24/2017,38120,38580,37880,38160,8065.510742,11048750
1/25/2017,38340,39400,38320,39400,8327.597656,13433850
1/26/2017,39420,40000,39420,39900,8433.277344,15214500
1/31/2017,39900,39900,39460,39460,8340.279297,17992200
2/1/2017,39540,39660,39040,39120,8268.416992,14150400
2/2/2017,39600,39660,39200,39360,8319.143555,15029300
2/3/2017,39400,39500,39180,39460,8340.279297,10386350
2/6/2017,39580,39660,39140,39560,8361.416016,8860700
2/7/2017,39560,39580,38760,38820,8205.007813,14041800
2/8/2017,38740,38780,38200,38400,8116.237305,17092950
2/9/2017,38780,38840,38220,38400,8116.237305,13694150
2/10/2017,38400,38760,38300,38360,8107.782715,11020750
2/13/2017,37740,38060,37720,37960,8023.23877,11102050
2/14/2017,37960,38260,37320,37580,7942.922363,13124150
2/15/2017,37080,37960,37080,37720,7972.512207,14191550
2/16/2017,37800,38360,37780,38020,8035.92041,10226350
2/17/2017,37560,38040,37280,37860,8002.103027,15377450
2/20/2017,38220,38780,38160,38660,8171.19043,7485800
2/21/2017,38540,39560,38420,38940,8230.370117,10562600
2/22/2017,39000,39340,38980,39300,8306.460938,8539450
2/23/2017,39020,39440,39020,39180,8281.098633,10217300
2/24/2017,38960,39100,38060,38220,8078.191406,9296850
2/27/2017,38020,38140,37700,38060,8044.374512,9033700
2/28/2017,38060,38760,37960,38440,8124.691895,15088700
3/2/2017,38420,39860,38420,39720,8395.233398,21249800
3/3/2017,39340,39720,39160,39620,8374.09668,12708700
3/6/2017,39220,40220,39220,40080,8471.323242,12234850
3/7/2017,39800,40320,39800,40200,8496.686523,10553250
3/8/2017,40200,40620,40140,40200,8496.686523,12140950
3/9/2017,40200,40300,40020,40200,8496.686523,14372250
3/10/2017,39960,40420,39860,40180,8492.458008,10227800
3/13/2017,40040,40980,40040,40600,8581.230469,7424100
3/14/2017,40620,41540,40500,41360,8741.863281,11325050
3/15/2017,40800,41440,40800,41400,8750.318359,9587850
3/16/2017,41800,42180,41540,41840,8843.317383,9933150
3/17/2017,41800,42500,41720,42400,8961.678711,12602300
3/20/2017,42000,42120,41740,41900,8855.999023,10250050
3/21/2017,41780,42680,41760,42560,8995.496094,14220150
3/22/2017,41600,42460,41580,42460,8974.361328,16427250
3/23/2017,42200,42360,41700,41800,8834.862305,15397100
3/24/2017,41600,41980,41080,41500,8771.455078,12808150
3/27/2017,41200,41880,41180,41200,8708.045898,12177650
3/28/2017,41560,41840,41380,41480,8767.227539,8216250
3/29/2017,41740,41960,41580,41780,8830.635742,10093250
3/30/2017,41880,42440,41880,41980,10658.71289,8204000
3/31/2017,41820,42020,41200,41200,10460.6709,10500300
4/3/2017,41400,41720,41300,41440,10521.60742,9579400
4/4/2017,41600,42180,41520,42080,10684.10254,12255500
4/5/2017,41900,42240,41700,42140,10699.33789,10699700
4/6/2017,42000,42080,41600,41840,10623.16797,9683400
4/7/2017,41800,41820,41160,41600,10562.23047,10021000
4/10/2017,41940,41940,41500,41940,10648.55762,7141350
4/11/2017,41940,41940,41580,41600,10562.23047,7172900
4/12/2017,41860,41940,41700,41900,10638.40332,8274900
4/13/2017,41660,42460,41660,42420,10770.42969,9040800
4/14/2017,42160,42260,41760,42020,10668.86914,5462850
4/17/2017,42000,42080,41520,41560,10552.07422,5224750
4/18/2017,41680,41820,41280,41500,10536.8418,6860650
4/19/2017,41300,41420,40900,40900,10384.50195,11762900
4/20/2017,40580,40800,40080,40280,10227.08398,21148850
4/21/2017,40480,41400,40480,40760,10348.95606,15130500
4/24/2017,41260,41260,40920,41240,10470.82715,8990150
4/25/2017,41460,42740,41320,42700,10841.52051,19299600
4/26/2017,42700,42800,42520,42800,10866.91211,14794800
4/27/2017,42700,44520,41960,43840,11130.96875,23032250
4/28/2017,45780,45800,44520,44620,11329.00879,22685700
5/2/2017,45500,45500,44760,44900,11400.10156,14068300
5/4/2017,45700,45700,44860,45520,11557.51856,13690100
5/8/2017,45520,47020,45340,47020,11938.36914,19582550
5/10/2017,46160,47220,45600,45600,11577.83106,23410950
5/11/2017,45420,46180,45220,45500,11552.44336,21277850
5/12/2017,45760,46160,45660,45820,11633.6875,9422900
5/15/2017,45620,46280,45620,46100,11704.78125,8001400
5/16/2017,46660,46800,46100,46380,11775.87402,8803750
5/17/2017,46120,46640,46100,46340,11765.71582,7424450
5/18/2017,45740,46000,45540,45940,11664.1582,11160350
5/19/2017,45640,45780,44720,44720,11354.39941,15762350
5/22/2017,45040,45380,44760,45100,11450.87988,17643550
5/23/2017,45400,45580,44900,44920,11405.17871,12607050
5/24/2017,44860,45300,44800,44880,11395.02148,8675400
5/25/2017,45160,45680,44800,45680,11598.1416,13044800
5/26/2017,45600,46460,45540,46080,11699.7041,13613650
5/29/2017,46220,46400,45380,45620,11582.90918,8739550
5/30/2017,45520,45660,44480,44640,11334.08691,12433600
5/31/2017,44580,45020,44400,44700,11349.32031,18669100
6/1/2017,44860,44900,44400,44680,11344.24316,9753500
6/2/2017,45060,45960,45000,45960,11669.23535,12488750
6/5/2017,46040,46360,45720,45940,11664.1582,7599400
6/7/2017,46500,46500,45240,45300,11501.66113,13729400
6/8/2017,45000,45580,45000,45160,11466.11523,13978750
6/9/2017,45680,46440,45600,46100,11704.78125,11732850
6/12/2017,45420,45600,45140,45380,11521.97168,10954300
6/13/2017,45140,45620,45140,45400,11527.04981,8624900
6/14/2017,45800,46060,45240,45360,11516.89453,10166700
6/15/2017,45680,45920,45180,45680,11598.1416,9657000
6/16/2017,45500,45940,45460,45580,11572.75195,17403450
6/19/2017,45580,46560,45560,46560,11821.57324,11303900
6/20/2017,47240,48140,47220,48140,12222.73828,15045000
6/21/2017,47740,48120,47480,47480,12055.16016,9973650
6/22/2017,47960,48080,47720,47960,12177.03418,11455800
6/23/2017,47600,47780,47420,47620,12090.70703,9515100
6/26/2017,47520,48360,47520,48280,12258.2832,8552800
6/27/2017,48220,48400,47900,48300,12263.36133,9616750
6/28/2017,47600,48000,47560,47700,12111.02148,9572500
6/29/2017,48040,48320,47940,47940,14265.41309,8306550
6/30/2017,47500,47620,47100,47540,14146.38672,11877550
7/3/2017,47500,47780,47120,47220,14051.16309,6805550
7/4/2017,47160,47400,46900,47000,13985.69824,7961000
7/5/2017,46820,47680,46780,47580,14158.28906,10640250
7/6/2017,48000,48100,47720,48060,14301.12109,10923050
7/7/2017,47740,48120,47620,47860,14241.60742,8131900
7/10/2017,48500,48900,48320,48660,14479.66211,10792750
7/11/2017,48640,49000,48280,49000,14580.83594,9717800
7/12/2017,49000,50000,48840,49880,14842.69434,9486150
7/13/2017,50080,50940,50040,50560,15045.04199,16034150
7/14/2017,51000,51080,50420,50480,15021.23731,8239000
7/17/2017,50900,51020,50520,50640,15068.84668,8976100
7/18/2017,50420,50880,50360,50840,15128.36035,7084450
7/19/2017,50620,50820,50000,50740,15098.60254,11157500
7/20/2017,50760,51320,50560,51200,15235.48438,8367600
7/21/2017,50860,51160,50520,51080,15199.77734,8449050
7/24/2017,50700,51000,50620,50860,15134.31152,7099750
7/25/2017,50500,50760,49940,50000,14878.40332,10810600
7/26/2017,49600,50020,49300,49840,14830.79297,11224800
7/27/2017,50000,50640,49560,49800,14818.88965,11449500
7/28/2017,49800,49800,47380,47760,14211.85059,26168300
7/31/2017,47420,48240,46920,48200,14342.78125,12701400
8/1/2017,48000,48840,47540,48600,14461.80859,11369500
8/2/2017,49200,49340,48600,49000,14580.83594,7777450
8/3/2017,49000,49000,47120,47780,14217.80078,15540800
8/4/2017,48160,48180,47500,47700,14193.99609,8359200
8/7/2017,47500,48080,47440,47580,14158.28906,7218250
8/8/2017,47980,48260,47480,47720,14199.94629,7979600
8/9/2017,47400,47400,46240,46280,13771.4502,14555400
8/10/2017,46200,46320,45460,45900,13658.37402,22986150
8/11/2017,45120,45300,44220,44620,13277.48828,25407300
8/14/2017,45120,45400,44720,45000,13390.56152,19185600
8/16/2017,46220,46380,46000,46200,13747.64453,21913650
8/17/2017,46960,47300,46740,47040,13997.60156,12415850
8/18/2017,46760,47240,46240,46900,13955.94238,10477950
8/21/2017,47240,47240,46580,46840,13938.08789,5103450
8/22/2017,46820,47160,46700,47000,13985.69824,7381750
8/23/2017,47780,47780,47180,47480,14128.53223,9384700
8/24/2017,47520,47660,47340,47520,14140.43262,8657450
8/25/2017,47880,47880,46720,47020,13991.64941,11243550
8/28/2017,47020,47240,45960,46100,13717.88672,9962100
8/29/2017,45640,46080,45160,46080,13711.93652,12623650
8/30/2017,46380,46400,45960,46200,13747.64453,7513000
8/31/2017,46220,46640,46000,46320,13783.35156,11011700
9/1/2017,46460,46640,46300,46480,13830.96387,10641700
9/4/2017,45780,46360,45500,46040,13700.0332,7943500
9/5/2017,46240,46900,45960,46760,13914.28223,11716100
9/6/2017,46760,47180,46700,47000,13985.69824,10811050
9/7/2017,47000,48220,47000,48120,14318.97559,9676500
9/8/2017,48700,49180,48580,49080,14604.64063,10893000
9/11/2017,49700,50180,49500,49800,14818.88965,10374750
9/12/2017,50200,50220,49140,49600,14759.37695,12029750
9/13/2017,49820,50400,49440,49620,14765.32813,9357000
9/14/2017,50060,50320,49760,50300,14967.67383,14204750
9/15/2017,50300,50560,49860,50400,14997.43066,10757300
9/18/2017,50540,52480,50520,52480,15616.37305,11524950
9/19/2017,52500,52640,51780,52120,15509.24902,9850400
9/20/2017,52120,52500,51840,52220,15539.00488,9292750
9/21/2017,52220,52960,52220,52800,15711.59375,8839800
9/25/2017,53000,53680,53000,53620,15955.59766,9303100
9/26/2017,53620,53620,53620,53620,15955.59766,0
9/27/2017,52000,52200,51500,51680,15378.31738,10797000
9/28/2017,52260,52460,51260,51260,17643.07422,12025450
9/29/2017,51180,51620,50840,51280,17649.95703,12909400
10/10/2017,53360,53640,52800,52800,18173.12305,20519800
10/11/2017,53600,54760,53340,54640,18806.42969,13652150
10/12/2017,54840,55160,54100,54800,18861.5,13890700
10/13/2017,54540,54840,53780,54000,18586.15039,12601650
10/16/2017,53980,54860,53760,53920,18558.61523,9769950
10/17/2017,54020,55380,54000,54800,18861.5,10607800
10/18/2017,54820,55240,54040,54760,18847.73242,10110750
10/19/2017,54700,54700,52980,52980,18235.07813,12108700
10/20/2017,52800,54100,52800,53840,18531.08008,8027050
10/23/2017,54600,54640,54000,54300,18689.40625,8311050
10/24/2017,54700,54780,54040,54040,18599.91602,5806050
10/25/2017,54040,54420,53700,53900,18551.73047,5882850
10/26/2017,53720,53900,52400,52400,18035.44727,9776550
10/27/2017,52400,53320,52140,53080,18269.49805,7392500
10/30/2017,53780,54320,53700,54040,18599.91602,8196150
10/31/2017,54060,55440,53500,55080,18957.87109,13381550
11/1/2017,57500,57500,56180,57220,19694.43359,14510250
11/2/2017,57500,57520,56760,57060,19639.36523,10721050
11/3/2017,57060,57140,55860,56380,19405.31641,9935800
11/6/2017,56380,56500,55340,56380,19405.31641,9000950
11/7/2017,56380,56920,55860,56100,19308.94336,7464550
11/8/2017,56100,57060,55860,56760,19536.10742,8520200
11/9/2017,56920,56920,55900,56340,19391.54883,11994050
11/10/2017,55800,56540,55780,56400,19412.20117,6748800
11/13/2017,56400,56800,56100,56380,19405.31641,8806650
11/14/2017,56380,56740,55920,55920,19246.99023,6725000
11/15/2017,55920,56320,55320,55340,19047.36133,8816950
11/16/2017,55440,56000,55400,55780,19198.80273,7640700
11/17/2017,56400,56880,55820,55820,19212.57227,10733150
11/20/2017,55900,55980,55200,55200,18999.17578,9472750
11/21/2017,55400,55840,55280,55280,19026.71094,10324700
11/22/2017,55980,56200,55620,55960,19260.75781,7952950
11/23/2017,55960,55980,55020,55300,19033.59375,6272900
11/24/2017,55300,55500,55180,55460,19088.66211,4536200
11/27/2017,55360,55360,52640,52640,18118.05273,18128900
11/28/2017,52700,53280,51720,53280,18338.33398,13499400
11/29/2017,53200,53240,52500,52600,18104.28711,9590250
11/30/2017,50800,51860,50200,50800,17484.74805,29634150
12/1/2017,50800,51780,50800,50840,17498.51563,12868600
12/4/2017,50840,51340,50020,51340,17670.61133,14865050
12/5/2017,50600,51300,50280,51260,17643.07422,9326550
12/6/2017,51260,51560,50020,50020,17216.2832,10889200
12/7/2017,50040,50980,50020,50740,17464.09766,11065600
12/8/2017,51360,52000,51040,52000,17897.77344,11290450
12/11/2017,52000,52040,51500,51780,17822.05273,8125850
12/12/2017,51820,52100,51660,52100,17932.19336,8765050
12/13/2017,52100,52100,51100,51320,17663.72656,11333700
12/14/2017,51320,52280,51060,51060,17574.23633,20310400
12/15/2017,51240,51480,50520,50620,17422.79492,14928550
12/18/2017,50620,51240,50620,51200,17622.42188,7350250
12/19/2017,51540,52080,51520,51560,17746.33203,11978600
12/21/2017,51000,51060,49100,49140,16913.39648,15624300
12/22/2017,49400,49960,49240,49700,17106.14063,11199650
12/26/2017,49760,50100,48200,48200,16589.85938,16039850
12/27/2017,48960,49560,48460,49360,30669.49414,10743600
12/28/2017,49560,50960,49500,50960,31663.64063,8985450
1/2/2018,51380,51400,50780,51020,31700.92188,8474250
1/3/2018,52540,52560,51420,51620,32073.72852,10013500
1/4/2018,52120,52180,50640,51080,31738.20508,11695450
1/5/2018,51300,52120,51200,52120,32384.40039,9481150
1/8/2018,52400,52520,51500,52020,32322.26367,8383650
1/9/2018,51460,51720,49980,50400,31315.69141,18013600
1/10/2018,50500,50520,48640,48840,30346.39453,18566800
1/11/2018,48200,49260,48020,48240,29973.58984,25123800
1/12/2018,48240,48480,46760,48200,29948.73242,27270450
1/15/2018,48800,48980,47920,48540,30159.99219,10096000
1/16/2018,48760,50140,48620,50000,31067.1543,20389650
1/17/2018,50020,50020,49060,49620,30831.04102,11053050
1/18/2018,50020,50640,49820,49900,31005.01758,14848850
1/19/2018,50380,50380,49040,49320,30644.64063,9219950
1/22/2018,48640,48680,47960,48240,29973.58984,12520900
1/23/2018,48660,49160,48300,49160,30545.22461,13532700
1/24/2018,48860,49700,48560,49340,30657.06641,9550500
1/25/2018,49220,50360,49160,50260,31228.70117,11160350
1/26/2018,50500,50780,49840,50780,31551.79883,10350100
1/29/2018,51200,51480,50900,51220,31825.19336,11838800
1/30/2018,50440,50640,49780,49800,30942.88281,12284550
1/31/2018,50020,54140,49600,49900,31005.01758,64681300
2/1/2018,50620,50960,49720,49820,30955.3125,27609450
2/2/2018,49380,49400,47700,47700,29638.0625,29260350
2/5/2018,46500,48320,46000,47920,29774.75977,28357900
2/6/2018,46600,47920,46580,47420,29464.08789,19406450
2/7/2018,48240,48260,45800,45800,28457.51172,23448050
2/8/2018,46120,46620,45980,46000,28581.7793,23251050
2/9/2018,44440,45180,44420,44700,27774.0332,17465000
2/12/2018,45100,46320,45040,45720,28407.80469,15754950
2/13/2018,46200,48060,46200,47540,29538.64648,18923250
2/14/2018,48080,49100,47940,49000,30445.81055,18905900
2/19/2018,49800,49800,47860,48380,30060.57617,15353450
2/20/2018,48040,48160,47220,47400,29451.66016,10122600
2/21/2018,47280,47580,46840,47280,29377.09766,12880200
2/22/2018,47260,47260,46760,46760,29054.00195,8869950
2/23/2018,46760,47800,46760,47220,29339.82031,12423300
2/26/2018,47280,47560,47080,47380,29439.23242,9560650
2/27/2018,48360,48380,47380,47380,29439.23242,9830550
2/28/2018,47380,48100,47000,47060,29240.4043,15162350
3/2/2018,46580,46800,46000,46020,28594.20703,13265500
3/5/2018,45820,46160,45080,45200,28084.70703,14100950
3/6/2018,45920,47100,45820,47020,29215.55078,15423350
3/7/2018,48200,48900,47220,48620,30209.70117,21427050
3/8/2018,49200,49480,48080,49200,30570.07813,19463650
3/9/2018,49440,50540,49240,49740,30905.60156,14304400
3/12/2018,50560,50780,49580,49740,30905.60156,8688950
3/13/2018,50760,51660,50360,51660,32098.58203,20098700
3/14/2018,51020,52000,51000,51760,32160.7168,12713250
3/15/2018,52000,52020,51020,51540,32024.01953,8882450
3/16/2018,51220,51420,50240,51140,31775.48242,12184900
3/19/2018,50620,51340,50440,50740,31526.94727,8218850
3/20/2018,50700,51200,50100,51200,31812.76563,8193250
3/21/2018,51780,51780,51060,51060,31725.77734,8905200
3/22/2018,51060,51780,51040,51780,32173.14453,8454100
3/23/2018,50340,50720,49600,49720,30893.17578,14854950
3/26/2018,49420,50280,49040,50280,31241.12891,10057750
3/27/2018,50320,50460,49080,49980,31054.72656,11874000
3/28/2018,49100,49100,48340,48700,30259.40625,15159450
3/29/2018,48700,49560,48320,49040,47868.42578,10067000
3/30/2018,49080,49900,49080,49220,48044.12891,7777100
4/2/2018,49000,49220,48500,48540,47380.375,7115650
4/3/2018,47880,48140,47280,48120,46970.40625,12768250
4/4/2018,48160,48260,46920,46920,45799.07422,12384200
4/5/2018,47400,49380,47340,48740,47575.59375,13245600
4/6/2018,48000,48580,47400,48400,47243.71875,12532700
4/9/2018,48260,49440,48200,49200,48024.60547,9950400
4/10/2018,48540,49220,48040,48880,47712.25391,10984350
4/11/2018,49900,49900,48600,48860,47692.73047,10051100
4/12/2018,49440,49440,48880,49000,47829.38672,12466250
4/13/2018,49600,50180,49400,49800,48610.26953,10278300
4/16/2018,50320,50600,49860,50340,49137.37109,7877450
4/17/2018,50240,50540,49820,49980,48785.97266,7772000
4/18/2018,51000,51360,50580,51360,50133,13462600
4/19/2018,52000,52980,51540,52780,51519.07813,17190550
4/20/2018,51800,52260,51420,51620,50386.79297,11761000
4/23/2018,51000,52080,51000,51900,50660.10547,11619000
4/24/2018,51840,51860,50080,50460,49254.50391,15770300
4/25/2018,49220,50500,49220,50400,49195.94141,16614600
4/26/2018,50420,52160,50400,52140,50894.37109,18046550
4/27/2018,53380,53640,52440,53000,51733.82422,30310800
4/30/2018,53000,53000,53000,53000,51733.82422,0
5/2/2018,53000,53000,53000,53000,51733.82422,0
5/3/2018,53000,53000,53000,53000,51733.82422,0
5/4/2018,53000,53900,51800,51900,50660.10547,39565391
5/8/2018,52600,53200,51900,52600,51343.38281,23104720
5/9/2018,52600,52800,50900,50900,49683.99219,16128305
5/10/2018,51700,51700,50600,51600,50367.26953,13905263
5/11/2018,52000,52200,51200,51300,50074.4375,10314997
5/14/2018,51000,51100,49900,50100,48903.10547,14909272
5/15/2018,50200,50400,49100,49200,48024.60547,18709146
5/16/2018,49200,50200,49150,49850,48659.07813,15918683
5/17/2018,50300,50500,49400,49400,48219.82813,10365440
5/18/2018,49900,49900,49350,49500,48317.4375,6706570
5/21/2018,49650,50200,49100,50000,48805.49609,9020998
5/23/2018,50600,52000,50400,51800,50562.49219,17095490
5/24/2018,52000,52000,51100,51400,50172.05078,8289275
5/25/2018,51000,52800,50800,52700,51440.99219,15207266
5/28/2018,52500,53000,52000,52300,51050.54688,9787820
5/29/2018,52200,52500,51300,51300,50074.4375,8480437
5/30/2018,51300,51500,49100,49500,48317.4375,20498098
5/31/2018,50400,50800,49850,50700,49488.77344,63491109
6/1/2018,50500,51700,49950,51300,50074.4375,13038499
6/4/2018,50800,51200,50700,51100,49879.21484,9767171
6/5/2018,51100,51400,50400,51300,50074.4375,9144100
6/7/2018,51800,51800,50500,50600,49391.16016,13590016
6/8/2018,50200,50400,49600,49650,48463.85938,16951706
6/11/2018,49750,50300,49350,49900,48707.88281,10571312
6/12/2018,49700,49800,49250,49400,48219.82813,12110569
6/14/2018,49000,49000,48200,48200,47048.49219,20971729
6/15/2018,48500,48700,47650,47650,46511.63672,17080892
6/18/2018,47600,47650,46200,46600,45486.71875,16661870
6/19/2018,47200,47350,46500,47000,45877.16406,15217971
6/20/2018,47450,47600,46850,47000,45877.16406,12959316
6/21/2018,47900,47900,47050,47050,45925.97266,10015541
6/22/2018,47000,47250,46200,47250,46121.19141,10298006
6/25/2018,47050,47050,46150,46650,45535.52344,10587711
6/26/2018,45900,47300,45900,47000,45877.16406,11223166
6/27/2018,47450,48500,47000,47950,46804.46875,15274752
6/28/2018,46850,47150,46600,46800,46021.70703,12784800
6/29/2018,46250,47150,46200,46650,45874.19922,14099635
7/2/2018,46500,47150,45500,45550,44792.49609,13112253
7/3/2018,45750,46450,45750,46150,45382.51563,10959655
7/4/2018,46700,47050,46050,46250,45480.85156,8776763
7/5/2018,46100,46550,45600,45950,45185.83984,7039773
7/6/2018,45500,45850,44650,44900,44153.30469,17843706
7/9/2018,45500,46100,45200,45600,44841.66016,11602464
7/10/2018,46200,46550,46100,46300,45530.01953,10528665
7/11/2018,46400,46450,45400,46000,45235.01172,11224077
7/12/2018,45900,46250,45450,45500,44743.32813,11828104
7/13/2018,45800,46500,45750,46500,45726.69531,11543389
7/16/2018,46800,46800,46000,46050,45284.17969,7678719
7/17/2018,46150,46200,45600,45850,45087.50781,8892953
7/18/2018,46700,47200,46450,46550,45775.86328,10952645
7/19/2018,47050,47200,46600,46900,46120.04297,9880128
7/20/2018,47000,47600,46700,47450,46660.89844,10474547
7/23/2018,47100,47200,46150,46500,45726.69531,10823782
7/24/2018,46350,46600,45950,46150,45382.51563,8261363
7/25/2018,46250,46550,45900,46150,45382.51563,7222471
7/26/2018,46100,47000,46000,46900,46120.04297,7374946
7/27/2018,46450,47000,46450,46900,46120.04297,4762460
7/30/2018,46550,46800,46350,46500,45726.69531,5723035
7/31/2018,46200,46450,46000,46250,45480.85156,8033607
8/1/2018,46050,46850,46050,46550,45775.86328,7484499
8/2/2018,46550,46800,45500,45550,44792.49609,8560924
8/3/2018,45850,45900,45450,45750,44989.16797,8274944
8/6/2018,46150,46150,45750,45800,45038.33594,6771979
8/7/2018,46300,46750,45900,46700,45923.37109,9058174
8/8/2018,47000,47000,46550,46800,46021.70703,6429338
8/9/2018,47000,47050,46450,46900,46120.04297,12010886
8/10/2018,46150,46400,44850,45400,44644.98828,16670643
8/13/2018,44950,45100,44650,45050,44300.80859,9803831
8/14/2018,44850,45400,44850,45150,44399.14844,6409259
8/16/2018,43800,44650,43700,44250,43514.11719,10088229
8/17/2018,44050,44400,44050,44100,43366.60938,6808747
8/20/2018,43500,44200,43500,43850,43120.76563,7289124
8/21/2018,43700,44900,43700,44800,44054.96875,9520270
8/22/2018,45150,46200,44900,46100,45333.34766,11641656
8/23/2018,46150,46200,45700,46200,45431.6875,6730918
8/24/2018,45900,46400,45550,46150,45382.51563,6582535
8/27/2018,46100,46550,46000,46300,45530.01953,5263782
8/28/2018,46800,46950,46300,46550,45775.86328,7365976
8/29/2018,46750,46800,46400,46800,46021.70703,5572374
8/30/2018,46950,47950,46700,47650,46857.57031,12193231
8/31/2018,47100,48450,47000,48450,47644.26953,13577454
9/3/2018,48200,48300,47300,47450,46660.89844,8595084
9/4/2018,47550,47800,47200,47650,46857.57031,6791255
9/5/2018,47300,47450,46400,46600,45825.03125,9139998
9/6/2018,46200,46400,45800,46100,45333.34766,9040553
9/7/2018,44500,45200,44400,44900,44153.30469,18285508
9/10/2018,45450,45550,45000,45500,44743.32813,9979838
9/11/2018,45550,45900,45050,45050,44300.80859,9865790
9/12/2018,44900,45100,44500,44550,43809.125,12995269
9/13/2018,44550,44750,44000,44050,43317.4375,18277942
9/14/2018,45000,45850,44900,45850,45087.50781,12446344
9/17/2018,45550,45800,44900,45150,44399.14844,8123384
9/18/2018,44950,45900,44700,45500,44743.32813,9987090
9/19/2018,46000,46200,45700,46150,45382.51563,9367454
9/20/2018,46850,47600,46400,47250,46464.22266,13536966
9/21/2018,46550,47550,46550,47400,46611.73047,14476906
9/27/2018,46950,47500,46450,47500,47061.53906,15804586
9/28/2018,47250,47250,46300,46450,46021.23047,11270515
10/1/2018,46450,46800,45800,46350,45922.15234,6354983
10/2/2018,46450,46700,45700,45700,45278.15234,6607188
10/4/2018,45150,45600,44700,44700,44287.38281,11865327
10/5/2018,44800,45500,44550,44700,44287.38281,10544165
10/8/2018,44200,45200,44200,44950,44535.07422,6759464
10/10/2018,45250,45500,44500,45300,44881.84375,10341349
10/11/2018,44000,44650,43100,43100,42702.15234,19324537
10/12/2018,43200,44650,43200,44000,43593.84375,12640906
10/15/2018,44050,44050,43350,43800,43395.69141,7434522
10/16/2018,43700,44150,43350,43600,43197.53906,6825677
10/17/2018,44150,44500,44000,44150,43742.46094,8306193
10/18/2018,43950,44450,43700,44050,43643.38281,8347725
10/19/2018,43900,44150,43450,43900,43494.76953,7842520
10/22/2018,43450,43950,43200,43550,43148,8357648
10/23/2018,43300,43450,42550,43050,42652.61328,9531231
10/24/2018,43050,43100,42250,42550,42157.23047,13522825
10/25/2018,40600,41550,40550,41000,40621.53906,19338170
10/26/2018,41100,41300,40400,41000,40621.53906,14413864
10/29/2018,40850,41950,40550,41400,41017.84375,14460521
10/30/2018,41400,43000,41000,42350,41959.07422,14205190
10/31/2018,42900,43350,41700,42400,42008.61328,17621480
11/1/2018,42450,42950,42150,42150,41760.92188,13423132
11/2/2018,43050,44250,42800,44150,43742.46094,16517112
11/5/2018,43750,43800,42900,43800,43395.69141,9426777
11/6/2018,43750,43800,42950,43750,43346.15234,7713625
11/7/2018,43600,44500,43400,44000,43593.84375,11553998
11/8/2018,44900,45050,44050,44050,43643.38281,12617397
11/9/2018,44450,44850,43900,44300,43891.07422,7318500
11/12/2018,43850,45250,43700,45200,44782.76953,8552566
11/13/2018,43900,44500,43400,44500,44089.23047,9311126
11/14/2018,44500,44500,43800,44100,43692.92188,6783344
11/15/2018,44050,44350,43500,44250,43841.53906,5864067
11/16/2018,44600,44750,43700,44000,43593.84375,7777124
11/19/2018,44050,44250,43450,43650,43247.07422,7538720
11/20/2018,42450,43000,42100,42800,42404.92188,9420664
11/21/2018,41800,42300,41800,42100,41711.38281,10769589
11/22/2018,42000,42650,42000,42450,42058.15234,5970796
11/23/2018,42450,42600,41900,42400,42008.61328,5192638
11/26/2018,42150,42800,42100,42600,42206.76953,6613009
11/27/2018,42900,43100,42500,43050,42652.61328,8367091
11/28/2018,42800,43200,42750,43150,42751.69141,6943099
11/29/2018,43850,43850,42900,43150,42751.69141,8473511
11/30/2018,43450,44000,41750,41850,41463.69141,19775519
12/3/2018,42750,43400,42400,43250,42850.76953,12110702
12/4/2018,42650,42900,41900,42150,41760.92188,14347746
12/5/2018,40900,41750,40850,41450,41067.38281,12631983
12/6/2018,40600,41100,40450,40500,40126.15234,14251826
12/7/2018,40900,41400,40850,40950,40572,11433083
12/10/2018,40450,40650,40000,40200,39828.92188,14892263
12/11/2018,40600,40700,40200,40250,39878.46094,10638766
12/12/2018,40250,40700,40150,40450,40076.61328,12024279
12/13/2018,40650,40750,40000,40000,39630.76953,26254646
12/14/2018,40200,40200,38700,38950,38590.46094,19671783
12/17/2018,38650,39600,38650,39150,38788.61328,11532968
12/18/2018,38300,39200,38300,38900,38540.92188,11042101
12/19/2018,38900,39350,38850,39100,38739.07422,9942037
12/20/2018,38600,39100,38500,38650,38293.23047,11937617
12/21/2018,38200,38650,38100,38650,38293.23047,14947080
12/24/2018,38500,39050,38300,38800,38441.84375,9729530
12/26/2018,38400,38750,38300,38350,37996,12707675
12/27/2018,38700,38800,38100,38250,38250,10510643
12/28/2018,38250,38900,38200,38700,38700,9900267
1/2/2019,39400,39400,38550,38750,38750,7847664
1/3/2019,38300,38550,37450,37600,37600,12471493
1/4/2019,37450,37600,36850,37450,37450,14108958
1/7/2019,38000,38900,37800,38750,38750,12748997
1/8/2019,38000,39200,37950,38100,38100,12756554
1/9/2019,38650,39600,38300,39600,39600,17452708
1/10/2019,40000,40150,39600,39800,39800,14731699
1/11/2019,40350,40550,39950,40500,40500,11661063
1/14/2019,40450,40700,39850,40050,40050,11984996
1/15/2019,40050,41100,39850,41100,41100,11492756
1/16/2019,41150,41450,40700,41450,41450,8491595
1/17/2019,41700,42100,41450,41950,41950,11736903
1/18/2019,42000,42400,41950,42300,42300,11029256
1/21/2019,42700,42750,41900,42750,42750,11355701
1/22/2019,42750,42850,41850,42150,42150,9964356
1/23/2019,41350,42250,41350,42000,42000,11071079
1/24/2019,43050,43100,42350,43050,43050,14747623
1/25/2019,44300,44750,43750,44750,44750,22789395
1/28/2019,45000,45500,44600,45050,45050,17998914
1/29/2019,45050,45500,44350,45500,45500,16215017
1/30/2019,44800,46400,44800,46400,46400,17505980
1/31/2019,46650,47050,46150,46150,46150,21621145
2/1/2019,46650,46950,46250,46350,46350,13832454
2/7/2019,46800,47100,46200,46200,46200,15872001
2/8/2019,45700,45700,44650,44800,44800,12689196
2/11/2019,44500,45000,44250,45000,45000,11125044
2/12/2019,44650,46250,44650,46050,46050,13184367
2/13/2019,46400,46700,46000,46200,46200,11299738
2/14/2019,46600,47500,46150,47500,47500,17259341
2/15/2019,46750,46850,45650,46050,46050,10554643
2/18/2019,46500,46850,45850,46200,46200,8183728
2/19/2019,45850,46150,45450,45950,45950,6741395
2/20/2019,46750,47100,46500,46900,46900,11506720
2/21/2019,46500,47200,46200,46950,46950,8694009
2/22/2019,46500,47150,46450,47150,47150,6895772
2/25/2019,47400,47550,47050,47350,47350,7484716
2/26/2019,47350,47450,46500,46750,46750,7985547
2/27/2019,47000,47250,46750,46750,46750,8045211
2/28/2019,46400,46500,45100,45100,45100,23569321
3/4/2019,46000,46100,44800,44850,44850,12926539
3/5/2019,44600,45100,44150,44250,44250,10612405
3/6/2019,44000,44300,43700,44000,44000,10202544
3/7/2019,43400,44950,43400,44450,44450,11049749
3/8/2019,44450,44800,43800,43800,43800,7729069
3/11/2019,44400,44450,43650,43650,43650,10717408
3/12/2019,44300,44950,44150,44650,44650,11431977
3/13/2019,44250,44450,43700,43850,43850,8108343
3/14/2019,43700,44300,43550,43850,43850,18039161
3/15/2019,43800,44250,43700,44200,44200,16814163
3/18/2019,43950,44150,43450,43700,43700,8188876
3/19/2019,43750,43900,43550,43900,43900,7609563
3/20/2019,43800,44200,43100,44050,44050,9846242
3/21/2019,44600,46250,44050,45850,45850,21138016
3/22/2019,46850,47000,46250,46550,46550,12535911
3/25/2019,45300,45650,44800,45500,45500,8699728
3/26/2019,45500,45700,44900,45250,45250,9729811
3/27/2019,44750,45600,44250,45350,45350,9568081
3/28/2019,44950,45200,44300,44850,44850,6821306
3/29/2019,44500,44900,44200,44650,44650,11491713
4/1/2019,45200,45450,44850,45050,45050,7362129
4/2/2019,45550,46100,45350,45750,45750,9480688
4/3/2019,46750,46750,45800,46600,46600,12436570
4/4/2019,46150,47100,46150,46950,46950,12650168
4/5/2019,46950,47550,46600,46850,46850,8546339
4/8/2019,47250,47250,46150,46650,46650,8507909
4/9/2019,46700,46950,46200,46650,46650,6878761
4/10/2019,46400,46700,46050,46700,46700,11883995
4/11/2019,46700,46800,46150,46250,46250,13697399
4/12/2019,46050,46900,46000,46850,46850,7668936
4/15/2019,47150,47500,47000,47050,47050,8733019
4/16/2019,47400,47400,46800,47250,47250,7730881
4/17/2019,47300,47600,47000,47050,47050,5513658
4/18/2019,47200,47250,45500,45600,45600,12808747
4/19/2019,45750,46000,45250,45300,45300,8479710
4/22/2019,45400,45900,45100,45350,45350,6006957
4/23/2019,45050,45500,45000,45200,45200,6920566
4/24/2019,45400,45650,44150,44750,44750,13299267
4/25/2019,44250,45000,44100,44650,44650,10868965
4/26/2019,44200,45000,43800,44850,44850,9739982
4/29/2019,45150,46150,45100,46150,46150,8777517
4/30/2019,46000,46300,45350,45850,45850,11121273
5/2/2019,45500,46150,45400,45900,45900,8625126
5/3/2019,45900,46050,45300,45300,45300,6562916
5/7/2019,45250,45300,44400,44850,44850,12014907
5/8/2019,44300,44850,44200,44250,44250,10398754
5/9/2019,43900,44250,42450,42450,42450,23029718
5/10/2019,42600,43450,42450,42900,42900,14579512
5/13/2019,42500,43200,42350,42650,42650,7635079
5/14/2019,41300,43100,41300,42650,42650,11563730
5/15/2019,42700,43050,42550,42550,42550,7670185
5/16/2019,42350,42400,41350,41550,41550,13687828
5/17/2019,41950,42050,40850,41200,41200,13357951
5/20/2019,41650,42100,41550,42000,42000,15752397
5/21/2019,42600,43950,42350,43150,43150,18812133
5/22/2019,43700,43800,42400,43500,43500,11033339
5/23/2019,43900,44000,43250,43850,43850,12259006
5/24/2019,43800,43800,42400,42700,42700,13966305
5/27/2019,42500,43000,42350,42650,42650,8066669
5/28/2019,42550,42950,42150,42550,42550,24506881
5/29/2019,41850,42100,41300,41800,41800,14930618
5/30/2019,42200,42700,42150,42550,42550,11766018
5/31/2019,42600,42800,42150,42500,42500,11365999
6/3/2019,42950,43900,42500,43800,43800,15466580
6/4/2019,43400,43700,43000,43450,43450,9913497
6/5/2019,44050,44200,43700,43900,43900,12464135
6/7/2019,43600,44350,43450,44200,44200,11683682
6/10/2019,44300,44850,44050,44800,44800,8792182
6/11/2019,44800,45000,44550,44850,44850,6664872
6/12/2019,44800,45050,44300,44600,44600,8607439
6/13/2019,44200,44400,43400,43750,43750,16906541
6/14/2019,43750,44150,43300,44000,44000,9322873
6/17/2019,43750,44050,43400,43900,43900,11890424
6/18/2019,43750,44500,43650,44350,44350,7994928
6/19/2019,45450,45450,45000,45350,45350,10417690
6/20/2019,44850,45500,44850,45500,45500,7147785
6/21/2019,45750,45800,45200,45700,45700,9454913
6/24/2019,45200,45800,45200,45500,45500,6085066
6/25/2019,45200,45800,45200,45600,45600,7076774
6/26/2019,45800,46000,45600,45700,45700,9226097
6/27/2019,46000,46600,45750,46500,46500,12603534
6/28/2019,47000,47000,46700,47000,47000,12949231
7/1/2019,47350,47400,46250,46600,46600,11383522
7/2/2019,46200,46900,45850,46250,46250,8463073
7/3/2019,45750,46350,45200,45400,45400,9669368
7/4/2019,45250,46200,45250,46000,46000,6365573
7/5/2019,45950,45950,45250,45650,45650,7235395
7/8/2019,44750,44800,44350,44400,44400,7823843
7/9/2019,44850,45450,44700,45100,45100,7646421
7/10/2019,45550,46150,45500,45550,45550,9253930
7/11/2019,46350,46550,46150,46200,46200,10989751
7/12/2019,46350,46400,45800,46300,46300,5245804
7/15/2019,45950,46650,45750,46450,46450,4717226
7/16/2019,46450,46850,46300,46850,46850,7407824
7/17/2019,46150,46350,45950,46050,46050,5216602
7/18/2019,46450,46450,45650,46100,46100,5143554
7/19/2019,46650,46950,46600,46800,46800,8819393
7/22/2019,46800,47300,46600,47200,47200,9009109
7/23/2019,47350,47550,47050,47300,47300,9061381
7/24/2019,47100,47150,46250,46400,46400,8756522
7/25/2019,47150,47200,46600,47200,47200,8408838
7/26/2019,46650,47150,46550,47150,47150,7873886
7/29/2019,46800,47050,46000,46100,46100,6856846
7/30/2019,46300,46850,46300,46550,46550,5551014
7/31/2019,46200,46600,45000,45350,45350,12872916
8/1/2019,44900,45500,44850,45200,45200,7811181
8/2/2019,null,null,null,null,null,null
8/5/2019,44350,44600,43600,43950,43950,14214086
8/6/2019,42500,43800,42500,43500,43500,15083824
8/7/2019,43600,43900,43100,43200,43200,10002533
8/8/2019,43250,43500,42650,42650,42650,16926881
8/9/2019,43250,43350,43050,43150,43150,9685147
8/12/2019,44000,44000,43550,43700,43700,8466169
8/13/2019,43500,43500,42950,43000,43000,7276979
8/14/2019,43900,44250,43500,43700,43700,8750135
8/16/2019,43800,43900,43300,43900,43900,9528115
8/19/2019,44350,44350,43500,43600,43600,6014218
8/20/2019,43950,44600,43550,44450,44450,8434205
8/21/2019,44350,44800,44150,44500,44500,6571717
8/22/2019,44500,44700,43850,44050,44050,8061177
8/23/2019,43800,44200,43650,43950,43950,5017381
8/26/2019,43050,43800,42950,43600,43600,7954949
8/27/2019,43650,44200,43600,44050,44050,16883932
8/28/2019,44100,44400,43750,44150,44150,5758333
8/29/2019,44200,44200,43050,43400,43400,10768862
8/30/2019,43750,44300,43750,44000,44000,9899073
9/2/2019,44850,44850,43650,43800,43800,7185537
9/3/2019,null,null,null,null,null,null
9/4/2019,43250,44100,43150,44100,44100,12441837
9/5/2019,44800,46100,44450,45700,45700,18297430
9/6/2019,46500,46500,45850,46300,46300,9896562
9/9/2019,46450,47000,46300,46900,46900,9434157
9/10/2019,null,null,null,null,null,null
9/11/2019,47300,47400,46800,47150,47150,16141619
9/16/2019,47000,47100,46400,47100,47100,15550926
9/17/2019,47000,47100,46800,46900,46900,7006280
9/18/2019,46900,47700,46800,47700,47700,10413027
9/19/2019,48050,49200,47850,49150,49150,16461413
9/20/2019,49400,49600,49100,49200,49200,15460210
9/23/2019,49250,49300,49000,49300,49300,7568553
9/24/2019,49050,49650,48850,49500,49500,7871955
9/25/2019,49200,49350,48800,48900,48900,9187141
9/26/2019,49000,49250,48900,49200,49200,8494756
9/27/2019,48000,48700,48000,48400,48400,8048041
9/30/2019,48050,49250,47900,49050,49050,9497119
10/1/2019,48900,49100,48650,48850,48850,6206035
10/2/2019,48350,48400,47600,47600,47600,8382463
10/4/2019,null,null,null,null,null,null
10/7/2019,48350,48700,47650,47750,47750,7047273
10/8/2019,47900,49000,47600,48900,48900,14239367
10/10/2019,48200,49200,48000,48550,48550,18639855
10/11/2019,49000,49450,48800,49150,49150,7783275
10/14/2019,50000,50300,49850,50000,50000,11130635
10/15/2019,49900,50200,49900,50100,50100,6058105
10/16/2019,50700,50900,50400,50700,50700,9136282
10/17/2019,50500,50600,50100,50500,50500,6701380
10/18/2019,50300,50900,49650,49900,49900,8483106
10/21/2019,49900,50400,49800,50300,50300,4406531
10/22/2019,50800,51500,50700,51200,51200,10898729
10/23/2019,51300,51500,50800,51200,51200,8663880
10/24/2019,52500,52500,50500,50700,50700,21185785
10/25/2019,50800,51200,50500,50900,50900,7879897
10/28/2019,50700,51500,50700,51300,51300,6431522
