,0,1
0,['Samsung confirms glaring S10 fingerprint reader flaw promises fix  by  '],"{'neg': 0.0, 'neu': 0.794, 'pos': 0.206, 'compound': 0.3818}"
1,['Samsungs Galaxy Watch Active 2 is a solid smartwatch for Android users  by  '],"{'neg': 0.0, 'neu': 0.699, 'pos': 0.301, 'compound': 0.5106}"
2,['Samsungs Galaxy Tab S6 combines creative flexibility with great design  by  '],"{'neg': 0.0, 'neu': 0.489, 'pos': 0.511, 'compound': 0.8555}"
3,['IoT security startup Particle has raised 40 million in its Series C round '],"{'neg': 0.0, 'neu': 0.833, 'pos': 0.167, 'compound': 0.34}"
