,0,1
0,['Tweets']------------------------------,"{'neg': 0.0, 'neu': 1.0, 'pos': 0.0, 'compound': 0.0}"
1,['Samsung ramps up its B2B partner and developer efforts  by  '],"{'neg': 0.0, 'neu': 1.0, 'pos': 0.0, 'compound': 0.0}"
2,['Samsungs new laptops charge phones with their touchpad  by  '],"{'neg': 0.0, 'neu': 1.0, 'pos': 0.0, 'compound': 0.0}"
3,['Samsung opens Android 10 One UI beta ahead of final launch  by  '],"{'neg': 0.0, 'neu': 1.0, 'pos': 0.0, 'compound': 0.0}"
4,['Samsungs Galaxy Fold concierge service is live in the US for those who need it  by  '],"{'neg': 0.0, 'neu': 1.0, 'pos': 0.0, 'compound': 0.0}"
5,['Life with the Samsung Galaxy Fold  by  '],"{'neg': 0.0, 'neu': 1.0, 'pos': 0.0, 'compound': 0.0}"
6,['Samsung pulls the plug on Chinese smartphone production  by  '],"{'neg': 0.0, 'neu': 1.0, 'pos': 0.0, 'compound': 0.0}"
7,['Samsungs new rebooted Galaxy arrives this week with one job it just needs to not break '],"{'neg': 0.0, 'neu': 1.0, 'pos': 0.0, 'compound': 0.0}"
8,['Samsung Galaxy Fold take two  by  ']--,"{'neg': 0.0, 'neu': 1.0, 'pos': 0.0, 'compound': 0.0}"
9,['Five months later Samsungs Galaxy Fold arrives this week  by  '],"{'neg': 0.0, 'neu': 1.0, 'pos': 0.0, 'compound': 0.0}"
10,['Samsungs Galaxy Fold arrives in Korea September 6 US in coming weeks  by  '],"{'neg': 0.0, 'neu': 1.0, 'pos': 0.0, 'compound': 0.0}"
11,['Samsungs Note 10 is available today starting at 949  by  '],"{'neg': 0.0, 'neu': 1.0, 'pos': 0.0, 'compound': 0.0}"
12,['Samsung Galaxy Note 10 review  by  ']-,"{'neg': 0.0, 'neu': 1.0, 'pos': 0.0, 'compound': 0.0}"
13,['The Galaxy Fold is now available for purchase in the US '],"{'neg': 0.0, 'neu': 1.0, 'pos': 0.0, 'compound': 0.0}"
14,['The Galaxy Fold is now available for purchase in the US  by  '],"{'neg': 0.0, 'neu': 1.0, 'pos': 0.0, 'compound': 0.0}"
15,['German tech investor leads Series A for Germanys first medical Cannabis startup  by '],"{'neg': 0.0, 'neu': 1.0, 'pos': 0.0, 'compound': 0.0}"
16,['Pixelbook Go review a Chromebook in search of meaning  by  '],"{'neg': 0.0, 'neu': 1.0, 'pos': 0.0, 'compound': 0.0}"
17,['Up close with Googles budget Chromebook the Pixelbook Go  by  '],"{'neg': 0.0, 'neu': 1.0, 'pos': 0.0, 'compound': 0.0}"
18,['Google launches the 649 Pixelbook Go Chromebook  by  '],"{'neg': 0.0, 'neu': 1.0, 'pos': 0.0, 'compound': 0.0}"
