,0,1
0,['Samsung teases a clamshell foldable form factor  by  '],"{'neg': 0.239, 'neu': 0.761, 'pos': 0.0, 'compound': -0.296}"
1,['After announcing Galaxy Fold release date Samsung cancels older preorders  by  '],"{'neg': 0.147, 'neu': 0.853, 'pos': 0.0, 'compound': -0.2263}"
2,['My Galaxy Fold display is damaged after a day  by  '],"{'neg': 0.244, 'neu': 0.756, 'pos': 0.0, 'compound': -0.4404}"
3,['Heres the first trailer for the upcoming Disney Star Wars series The Mandalorian  by  '],"{'neg': 0.205, 'neu': 0.795, 'pos': 0.0, 'compound': -0.5574}"
