Date,News_Senti,Volume,Stockname,Open_USD,High_USD,Low_USD,Close_USD,Adj_Close_USD,Twitter_Senti,Reddit_Comment,Reddit_SelfText
1/7/2018,0.0,0.0,0,0.0,0.0,0.0,0.0,0.0,0.0,0.16746,0.3526
2/7/2018,0.0,13112253.0,005930.ks,41.50824085,42.08846357,40.61559051,40.66022303,39.98403691,0.0,0.09172105300000001,-0.16785
3/7/2018,-0.013257576,10959655.0,005930.ks,41.11286371,41.74191299,41.11286371,41.47232044,40.78262688,0.0,0.19563157899999997,0.06582
4/7/2018,0.0,8776763.0,005930.ks,41.78307716,42.09622656,41.20151399,41.3804565,40.69228972,0.0,0.0891,0.19295
5/7/2018,0.0,7039773.0,005930.ks,41.23391237,41.6364126,40.78668989,41.09974562,40.41624643,0.0,0.107268571,0.191075
6/7/2018,0.0,17843706.0,005930.ks,40.69218564,41.00520245,39.93200195,40.15558539,39.48779057,0.0,0.134361538,0.1678
7/7/2018,0.0,0.0,0,0.0,0.0,0.0,0.0,0.0,0.0,0.11289,0.11665999999999999
8/7/2018,0.0,0.0,0,0.0,0.0,0.0,0.0,0.0,0.0,0.253885714,0.114925
9/7/2018,0.0,11602464.0,005930.ks,40.95027789,41.49028155,40.68027606,41.0402785,40.35776801,0.0,0.252747619,-0.594428571
10/7/2018,0.0,10528665.0,005930.ks,41.35168841,41.66495877,41.26218259,41.44119423,40.7520169,0.0,0.328505,-0.07002
11/7/2018,0.0,11224077.0,005930.ks,41.29190776,41.33640335,40.40199595,40.93594303,40.25517093,0.0,0.270475,-0.006554545
12/7/2018,0.0,11828104.0,005930.ks,40.76907019,41.07994545,40.36937342,40.41378417,39.74169683,0.0,0.056978947,-0.155633333
13/7/2018,0.07048425400000001,11543389.0,005930.ks,40.4068652,41.02443737,40.3627529,41.02443737,40.34219243,0.0,0.263295,0.22388000000000002
14/7/2018,0.0,0.0,0,0.0,0.0,0.0,0.0,0.0,0.0,0.170213333,-0.46356666700000004
15/7/2018,0.0,0.0,0,0.0,0.0,0.0,0.0,0.0,0.0,0.283545455,0.0874
16/7/2018,0.0,7678719.0,005930.ks,41.5234721,41.5234721,40.81366916,40.85803184,40.17855495,0.0,0.20847727300000002,0.30555
17/7/2018,0.0,8892953.0,005930.ks,40.93852909,40.98288286,40.45063763,40.67240648,39.99601843,0.0,0.116065217,0.7365
18/7/2018,0.0,10952645.0,005930.ks,41.17375887,41.6145914,40.953342600000006,41.0415091,40.35897979999999,0.0,0.093678571,0.19977142899999997
19/7/2018,0.03361631,9880128.0,005930.ks,41.28293001,41.41454402,40.88808795,41.15131599,40.466960799999995,0.0,0.3095,-0.18934
20/7/2018,0.0,10474547.0,005930.ks,41.46713943,41.99650717,41.20245556,41.86416524,41.16795706,0.0,0.0,-0.0695625
21/7/2018,0.0,0.0,0,0.0,0.0,0.0,0.0,0.0,0.0,0.0,0.11474285699999999
22/7/2018,0.0,0.0,0,0.0,0.0,0.0,0.0,0.0,0.0,0.0,0.08614285699999999
23/7/2018,0.123650897,10823782.0,005930.ks,41.52327778,41.6114376,40.68575943,40.99431882,40.31257476,0.0,0.0,0.6271
24/7/2018,0.0,8261363.0,005930.ks,41.07757126,41.29913313,40.72307226,40.90032176,40.22014066,0.0,0.0,0.0
25/7/2018,0.0,7222471.0,005930.ks,41.19427492,41.46148102,40.88253446,41.10520621,40.42161784,0.0,0.0,0.0
26/7/2018,0.0,7374946.0,005930.ks,41.17238646,41.97618576,41.08307542,41.88687472,41.19028704,0.0,0.0,0.0
27/7/2018,0.0,4762460.0,005930.ks,41.53126875,42.02302758,41.53126875,41.93361688,41.23625187,0.0,0.0,0.0
28/7/2018,0.323089478,0.0,0,0.0,0.0,0.0,0.0,0.0,0.0,0.0,0.0
29/7/2018,0.0,0.0,0,0.0,0.0,0.0,0.0,0.0,0.0,0.0,0.0
30/7/2018,0.05,5723035.0,005930.ks,41.64581658,41.86947833,41.46688719,41.60108423,40.90924954,0.0,0.0,0.0
31/7/2018,0.0,8033607.0,005930.ks,41.30159431,41.52508779,41.12279953,41.34629301,40.65869438,-0.34,0.37503333299999997,0.81115
1/8/2018,0.061635796,7484499.0,005930.ks,41.19632859,41.91200857,41.19632859,41.64362858,40.95108589,0.0,0.316292857,-0.4021
2/8/2018,0.120138889,8560924.0,005930.ks,41.19472165,41.41596075,40.2655174,40.30976522,39.63940727,0.0,0.034783333,0.42086999999999997
3/8/2018,0.0,8274944.0,005930.ks,40.7721315,40.81659402,40.41643133,40.68320646,40.00663626,0.0,0.182417857,0.37823333299999995
4/8/2018,-0.003273496,0.0,0,0.0,0.0,0.0,0.0,0.0,0.0,0.404171795,0.049075
5/8/2018,0.0,0.0,0,0.0,0.0,0.0,0.0,0.0,0.0,0.328453333,0.376475
6/8/2018,-0.036621024,6771979.0,005930.ks,41.00067346,41.00067346,40.64530467,40.68972577,40.01304669,0.0,0.073470588,-0.10299000000000001
7/8/2018,0.09270456699999999,9058174.0,005930.ks,41.34100372,41.74280613,40.98384602,41.69816142,41.00471393,0.0,0.234031915,0.26193
8/8/2018,0.0,6429338.0,005930.ks,41.94450862,41.94450862,41.54291226,41.76602135,41.07144441,0.0,0.134015,0.244785714
9/8/2018,0.10177423599999999,12010886.0,005930.ks,41.97676479,42.02142092,41.48554733,41.88745252,41.19085523,-0.1027,0.1993,0.102714286
10/8/2018,0.052210884000000006,16670643.0,005930.ks,40.87190191,41.09330983,39.72058073,40.20767815,39.53901586,0.0,0.228048148,0.251272727
11/8/2018,0.0,0.0,0,0.0,0.0,0.0,0.0,0.0,0.0,0.15681087,0.0117
12/8/2018,0.0,0.0,0,0.0,0.0,0.0,0.0,0.0,0.0,0.2926125,0.22099000000000002
13/8/2018,0.046790162,9803831.0,005930.ks,39.59650282,39.72863798,39.3322325,39.68459292,39.02462942,0.0,0.0,0.237081818
14/8/2018,0.072986053,6409259.0,005930.ks,39.76053941,40.24812685,39.76053941,40.02649619,39.3608493,0.0,0.0,0.0482
15/8/2018,0.0,0.0,0,0.0,0.0,0.0,0.0,0.0,0.0,0.0,-0.002972727
16/8/2018,0.09475881300000001,10088229.0,005930.ks,38.76860559,39.52096438,38.68009279,39.16691318,38.51556272,0.0,0.0,0.8748
17/8/2018,0.0,6808747.0,005930.ks,39.1283044,39.43919899,39.1283044,39.17271792,38.52126884,0.0,0.0,0.0
18/8/2018,0.0,0.0,0,0.0,0.0,0.0,0.0,0.0,0.0,0.0,0.0
19/8/2018,0.0,0.0,0,0.0,0.0,0.0,0.0,0.0,0.0,0.0,0.0
20/8/2018,0.0,7289124.0,005930.ks,38.75898228,39.38269004,38.75898228,39.07083616,38.42108025,0.0,0.0,0.0
21/8/2018,0.0,9520270.0,005930.ks,39.03100661,40.10279626,39.03100661,40.01348046,39.3480498,0.0,0.0,0.0
22/8/2018,0.199513374,11641656.0,005930.ks,40.37587282,41.31484661,40.15230763,41.22542053,40.53983343,0.0,0.0,0.0
23/8/2018,0.0,6730918.0,005930.ks,41.11335641,41.15789960000001,40.71246778,41.15789960000001,40.47343794,0.0,0.0,0.0
24/8/2018,0.0,6582535.0,005930.ks,41.15483477,41.60314451,40.84101794,41.37898964,40.69084819,0.0,0.0,0.0
25/8/2018,0.0,0.0,0,0.0,0.0,0.0,0.0,0.0,0.0,0.0,0.0
26/8/2018,0.0,0.0,0,0.0,0.0,0.0,0.0,0.0,0.0,0.0,0.0
27/8/2018,0.0,5263782.0,005930.ks,41.4305591,41.83497887,41.34068804,41.61030122,40.9183116,0.0,0.0,0.0
28/8/2018,0.0,7365976.0,005930.ks,42.32955116,42.46522279999999,41.87731237,42.10343176,41.40324245,0.0,0.0,0.0
29/8/2018,0.0,5572374.0,005930.ks,41.95471303,41.99958438,41.64061358,41.99958438,41.30112324,0.0,0.0,0.0
30/8/2018,0.10196670599999999,12193231.0,005930.ks,42.30649002,43.20758672,42.08121585,42.93725771,42.22320194,0.0,0.0,0.0
31/8/2018,0.0,13577454.0,005930.ks,42.15054036,43.35867687,42.06104877,43.35867687,42.63761583,0.0,0.1489,0.370933333
1/9/2018,0.0,0.0,0,0.0,0.0,0.0,0.0,0.0,0.0,0.22152963,0.0855
2/9/2018,0.0,0.0,0,0.0,0.0,0.0,0.0,0.0,0.0,0.058905263,0.567328571
3/9/2018,-0.013444195,8595084.0,005930.ks,43.34132173,43.43124148,42.53204393,42.66692357,41.95736538,0.0,0.093857143,0.102075
4/9/2018,0.22237205899999998,6791255.0,005930.ks,42.5478164,42.77151679999999,42.23463583,42.63729656,41.928229200000004,0.0,0.13836875,0.299166667
5/9/2018,0.179139181,9139998.0,005930.ks,42.14876707,42.28243124,41.34678207,41.52500096,40.83443062,0.0,0.12322093,-0.05255
6/9/2018,0.0,9040553.0,005930.ks,41.194610499999996,41.37294215,40.83794721,41.10544468,40.421852799999996,0.0,0.312171111,0.049944444000000005
7/9/2018,0.0,18285508.0,005930.ks,39.63495058,40.25842171,39.54588327,39.991219799999996,39.32615841,0.0,0.13346666699999998,0.09258888900000001
8/9/2018,0.0,0.0,0,0.0,0.0,0.0,0.0,0.0,0.0,0.1664625,-0.2297
9/9/2018,0.0,0.0,0,0.0,0.0,0.0,0.0,0.0,0.0,0.22955599999999998,0.114175
10/9/2018,0.0,9979838.0,005930.ks,40.25304059,40.34160614,39.85449563,40.29732336,39.62717279,0.0,0.3065,0.109836364
11/9/2018,0.0,9865790.0,005930.ks,40.36287841,40.67302127,39.91981717,39.91981717,39.25594183,0.0,0.195730435,0.425388889
12/9/2018,0.0,12995269.0,005930.ks,39.78724462,39.96447065,39.43279255,39.47709906,38.82058737,0.0,0.209817857,-0.01686
13/9/2018,0.0,18277942.0,005930.ks,39.73282267,39.91119673,39.24229399,39.28688751,38.63353676,0.0,0.226275,0.396975
14/9/2018,0.0,12446344.0,005930.ks,40.21660181,40.97624873,40.12723158,40.97624873,40.29480774,0.0,0.0,0.5602714289999999
15/9/2018,0.0,0.0,0,0.0,0.0,0.0,0.0,0.0,0.0,0.0,0.38533333299999994
16/9/2018,0.0,0.0,0,0.0,0.0,0.0,0.0,0.0,0.0,0.0,-0.0194
17/9/2018,0.131595501,8123384.0,005930.ks,40.49004532,40.71227389,39.91225104,40.13447961,39.46703693,0.0,0.0,0.20278571399999998
18/9/2018,0.14736824,9987090.0,005930.ks,39.97993704,40.82489678,39.75757921,40.46912426,39.796116600000005,0.0,0.0,0.1291625
19/9/2018,0.0,9367454.0,005930.ks,41.006907299999995,41.1851982,40.73947095,41.14062548,40.45644807,0.0,0.0,0.3461
20/9/2018,0.150063355,13536966.0,005930.ks,41.87826784,42.54867767,41.47602193,42.23581975,41.53342927,0.0,0.0,0.3961
21/9/2018,0.0,14476906.0,005930.ks,41.70779552,42.60377394,41.70779552,42.46937718,41.76310469,0.0,0.0,0.0
22/9/2018,0.0,0.0,0,0.0,0.0,0.0,0.0,0.0,0.0,0.0,0.0
23/9/2018,0.0,0.0,0,0.0,0.0,0.0,0.0,0.0,0.0,0.0,0.0
24/9/2018,0.0,0.0,0,0.0,0.0,0.0,0.0,0.0,0.0,0.0,0.0
25/9/2018,0.0,0.0,0,0.0,0.0,0.0,0.0,0.0,0.0,0.0,0.0
26/9/2018,0.0,0.0,0,0.0,0.0,0.0,0.0,0.0,0.0,0.0,0.0
27/9/2018,0.08400394800000001,15804586.0,005930.ks,42.22117113,42.71577484,41.77153139,42.71577484,42.32147592,0.0,0.0,0.0
28/9/2018,0.0,11270515.0,005930.ks,42.54061832,42.54061832,41.68530429999999,41.82035388,41.43431957,0.0,0.0,0.0
29/9/2018,0.0,0.0,0,0.0,0.0,0.0,0.0,0.0,0.0,0.0,0.0
30/9/2018,0.0,0.0,0,0.0,0.0,0.0,0.0,0.0,0.0,0.285985714,0.722525
1/10/2018,0.0,6354983.0,005930.ks,41.78541421,42.10026663,41.20068829,41.69545638,41.31057389,0.0,0.180121277,-0.029058333
2/10/2018,0.0,6607188.0,005930.ks,41.54700043,41.77061185,40.8761662,40.8761662,40.4988464,0.0,0.366842857,0.187581818
3/10/2018,0.310379772,0.0,0,0.0,0.0,0.0,0.0,0.0,0.0,0.210978788,0.533933333
4/10/2018,0.199302697,11865327.0,005930.ks,40.00056229,40.39923899,39.60188559,39.60188559,39.23632812,0.0,0.0545875,0.27365
5/10/2018,-0.057383357,10544165.0,005930.ks,39.70520089,40.32559465,39.48363169,39.61657321,39.25088016,0.0,0.179833333,0.165185714
6/10/2018,0.0,0.0,0,0.0,0.0,0.0,0.0,0.0,0.0,0.32399565199999997,0.089185714
7/10/2018,0.0,0.0,0,0.0,0.0,0.0,0.0,0.0,0.0,0.36870588200000004,0.1376
8/10/2018,0.153396465,6759464.0,005930.ks,38.88253102,39.76222629,38.88253102,39.54230247,39.17729423,0.0,0.38396875,0.1995
9/10/2018,0.18552267,0.0,0,0.0,0.0,0.0,0.0,0.0,0.0,0.062767568,-0.25074
10/10/2018,0.0,10341349.0,005930.ks,39.79162684,40.01147008,39.13209711,39.83559549,39.46788019,0.0,0.230436735,0.34873000000000004
11/10/2018,0.0,19324537.0,005930.ks,38.56288332,39.13256228,37.77409707,37.77409707,37.42541178,0.0,0.20412203399999998,0.12235
12/10/2018,0.0,12640906.0,005930.ks,38.190434,39.47228884,38.190434,38.89766426,38.53860677,0.0,0.25018125,0.25465714300000003
13/10/2018,0.0,0.0,0,0.0,0.0,0.0,0.0,0.0,0.0,0.0,0.12114285699999999
14/10/2018,0.0,0.0,0,0.0,0.0,0.0,0.0,0.0,0.0,0.0,0.0522
15/10/2018,0.0,7434522.0,005930.ks,39.01339467,39.01339467,38.39343153,38.79197926,38.43389865,0.0,0.0,0.204558333
16/10/2018,0.17242790800000002,6825677.0,005930.ks,38.89270462,39.29320158,38.58120699,38.8037053,38.44551778,0.0,0.0,0.095975
17/10/2018,0.0,8306193.0,005930.ks,39.17332318,39.48387047,39.04023148,39.17332318,38.81172274,0.0,0.0,-0.0711875
18/10/2018,0.193240545,8347725.0,005930.ks,38.70075772,39.14103938,38.48061689,38.78881405,38.43076187,0.0,0.0,0.64712
19/10/2018,0.0,7842520.0,005930.ks,38.84955752,39.07079646,38.45132743,38.84955752,38.49094649,0.0,0.0,0.7184
20/10/2018,0.0,0.0,0,0.0,0.0,0.0,0.0,0.0,0.0,0.0,0.0
21/10/2018,0.0,0.0,0,0.0,0.0,0.0,0.0,0.0,0.0,0.0,0.0
22/10/2018,0.13603191,8357648.0,005930.ks,38.39433404,38.83615606,38.17342303,38.48269844,38.12747353,0.0,0.0,0.0
23/10/2018,0.219627607,9531231.0,005930.ks,38.06046822,38.19231741,37.40122223,37.84071955,37.49141875,0.0,0.0,0.0
24/10/2018,0.109613944,13522825.0,005930.ks,37.97362429,38.01772838,37.2679588,37.53258336,37.18612848,0.0,0.0,0.0
25/10/2018,0.0,19338170.0,005930.ks,35.75205184,36.58861463,35.70802222,36.1042888,35.77101897,0.0,0.0,0.0
26/10/2018,0.07239862400000001,14413864.0,005930.ks,35.91849233,36.09327818,35.30674185,35.8310994,35.50035132,0.1222,0.0,0.0
27/10/2018,0.0,0.0,0,0.0,0.0,0.0,0.0,0.0,0.0,0.0,0.0
28/10/2018,0.0,0.0,0,0.0,0.0,0.0,0.0,0.0,0.0,0.0,0.0
29/10/2018,0.201426947,14460521.0,005930.ks,35.83565345,36.8006282,35.57247851,36.31814083,35.98289434,0.0,0.0,0.0
30/10/2018,0.0,14205190.0,005930.ks,36.32974512,37.73379324,35.97873309,37.16339869,36.82034956,0.0,0.0,0.0
31/10/2018,0.18176159100000003,17621480.0,005930.ks,37.60686237,38.00133994,36.55492216,37.16855395,36.82545776,0.0,0.207923529,-0.2294
1/11/2018,0.0,13423132.0,005930.ks,37.61630629,38.05937233,37.35046667,37.35046667,37.00569207,0.2023,0.301693023,0.14806666699999999
2/11/2018,0.156127329,16517112.0,005930.ks,38.51140842,39.58489716,38.28776494,39.49543976,39.13086594,0.0,0.33471875,0.07995
3/11/2018,0.127523428,0.0,0,0.0,0.0,0.0,0.0,0.0,0.0,0.211215385,0.5800875
4/11/2018,0.0,0.0,0,0.0,0.0,0.0,0.0,0.0,0.0,0.20983488399999997,0.378675
5/11/2018,0.0,9426777.0,005930.ks,38.90272705,38.94718731,38.14690264,38.94718731,38.58767401,0.0,0.243147368,0.6515285710000001
6/11/2018,0.0,7713625.0,005930.ks,39.03310173,39.07771098,38.31935358,39.03310173,38.67279483,0.0,0.19186060600000002,0.254183333
7/11/2018,0.0,11553998.0,005930.ks,38.93746939,39.74122449,38.75885714,39.29469388,38.93197148,1.3601,0.10525,0.158207143
8/11/2018,0.047074806,12617397.0,005930.ks,40.20265229,40.33695959,39.44157758,39.44157758,39.07749986,1.6313,0.13021917800000002,0.040545455
9/11/2018,0.0,7318500.0,005930.ks,39.4386559,39.79355944,38.95066353,39.30556707,38.94274405,0.5423,0.269876471,0.10755
10/11/2018,0.0,0.0,0,0.0,0.0,0.0,0.0,0.0,0.0,0.363175,0.379785714
11/11/2018,0.0,0.0,0,0.0,0.0,0.0,0.0,0.0,0.0,0.0,-0.08567142900000001
12/11/2018,0.0,8552566.0,005930.ks,38.58780817,39.81980205,38.45580883,39.77580227,39.40864128,0.6249,0.0,-0.16416
13/11/2018,0.0,9311126.0,005930.ks,38.70607809,39.23509055,38.26523438,39.23509055,38.87292022,0.0,0.0,0.08276
14/11/2018,0.0,6783344.0,005930.ks,39.30564244,39.30564244,38.68735143,38.95233329,38.59277223,0.0,0.0,0.0623
15/11/2018,0.0,0.0,0,0.0,0.0,0.0,0.0,0.0,0.4728,0.0,0.1944
16/11/2018,0.21624327399999999,7777124.0,005930.ks,39.41670042,39.549267799999996,38.62129615,38.88643091,38.52747711,0.1027,0.0,0.452025
17/11/2018,0.0,0.0,0,0.0,0.0,0.0,0.0,0.0,0.0,0.0,0.14776
18/11/2018,0.0,0.0,0,0.0,0.0,0.0,0.0,0.0,0.0,0.0,0.0
19/11/2018,0.0,7538720.0,005930.ks,39.0919247,39.26941357,38.55945807,38.73694695,38.37937273,-0.3488,0.0,0.0
20/11/2018,0.0,9420664.0,005930.ks,37.64258595,38.13029908,37.33222305,37.95294885,37.60261287,0.0,0.0,0.0
21/11/2018,0.0,10769589.0,005930.ks,37.05314438,37.49636381,37.05314438,37.31907603,36.97459066,0.0,0.0,0.0
22/11/2018,0.0,5970796.0,005930.ks,37.19784701,37.77352797,37.19784701,37.59639537,37.24935039,0.0,0.0,0.0
23/11/2018,0.084116034,5192638.0,005930.ks,37.49697701,37.62947516,37.01115045,37.45281096,37.10709084,0.2757,0.0,0.0
24/11/2018,0.0,0.0,0,0.0,0.0,0.0,0.0,0.0,0.0,0.0,0.0
25/11/2018,0.312650515,0.0,0,0.0,0.0,0.0,0.0,0.0,0.0,0.0,0.0
26/11/2018,0.23834646899999998,6613009.0,005930.ks,37.36370977,37.93989983,37.31938745,37.76261058,37.414032899999995,0.9524,0.0,0.0
27/11/2018,0.0,8367091.0,005930.ks,37.99113488,38.16824972,37.63690518,38.12397101,37.77205557,0.1779,0.0,0.0
28/11/2018,0.0,6943099.0,005930.ks,37.93447645,38.28900427,37.89016047,38.24468829,37.891659600000004,1.2022,0.0,0.0
29/11/2018,0.0,8473511.0,005930.ks,39.14484897,39.14484897,38.29678497,38.5199597,38.16439004,1.0979,0.0,0.0
30/11/2018,0.0,19775519.0,005930.ks,38.73885828,39.22922357,37.22318373,37.31234106,36.96791864,0.0,-0.182295455,0.262275
1/12/2018,0.0,0.0,0,0.0,0.0,0.0,0.0,0.0,0.0,0.024709091000000002,0.182671429
2/12/2018,0.0,0.0,0,0.0,0.0,0.0,0.0,0.0,0.0,0.314917241,-0.064971429
3/12/2018,0.0,12110702.0,005930.ks,38.43443559,39.01881883,38.119767700000004,38.88396116,38.52503255,0.1779,-0.025095238,0.12108
4/12/2018,0.0,14347746.0,005930.ks,38.58671018,38.81289253,37.908163099999996,38.13434546,37.78233503,0.6369,0.076552,0.327775
5/12/2018,0.0,12631983.0,005930.ks,36.72748124,37.4907663,36.68258211,37.22137157,36.87778806,0.4404,0.14246129,0.27771428600000003
6/12/2018,-0.023346042,14251826.0,005930.ks,36.20107931,36.64690541,36.06733148,36.11191409,35.77857201,0.0,0.202148,0.0545
7/12/2018,0.0,11433083.0,005930.ks,36.3716909,36.8163326,36.32722673,36.41615507,36.08000594,0.0,0.0549625,0.273585714
8/12/2018,0.034051036,0.0,0,0.0,0.0,0.0,0.0,0.0,0.0,-0.061421052999999996,0.103471429
9/12/2018,0.09107572900000001,0.0,0,0.0,0.0,0.0,0.0,0.0,0.0,0.10553599999999999,0.238583333
10/12/2018,0.270494228,14892263.0,005930.ks,35.89669649,36.07418325,35.49735129,35.67483805,35.34553078,0.1979,0.338811111,0.62545
11/12/2018,0.0,10638766.0,005930.ks,35.97556398,36.06417375,35.62112493,35.66542981,35.33620993,0.743,0.44780666700000005,0.40277142899999996
12/12/2018,0.0,12024279.0,005930.ks,35.66057847,36.05926817,35.57198076,35.83777389,35.50696181,-0.4767,0.345172727,0.3073875
13/12/2018,0.0,26254646.0,005930.ks,36.15248013,36.24141612,35.5743962,35.5743962,35.24601742,0.0,0.240995238,-0.0046
14/12/2018,0.0,19671783.0,005930.ks,35.43724662,35.43724662,34.11496129,34.33534218,34.01840003,0.34,0.234621053,0.12175
15/12/2018,0.0,0.0,0,0.0,0.0,0.0,0.0,0.0,0.0,0.3609,-0.060625
16/12/2018,0.048094181,0.0,0,0.0,0.0,0.0,0.0,0.0,0.0,0.0,0.185072727
17/12/2018,0.0,11532968.0,005930.ks,34.18548054,35.02574461,34.18548054,34.62772479,34.30808239,0.0,0.0,0.061622222000000004
18/12/2018,0.0,11042101.0,005930.ks,33.92681901,34.72405497,33.92681901,34.45830965,34.14023188,0.0,0.0,0.2043
19/12/2018,0.0,9942037.0,005930.ks,34.54714998,34.94679567,34.502744899999996,34.72477029,34.40423154,0.0,0.0,0.045266667000000003
20/12/2018,0.077542088,11937617.0,005930.ks,34.40585667,34.85152838,34.31672232,34.45042384,34.13241966,0.0,0.0,0.0
21/12/2018,0.0,14947080.0,005930.ks,33.99168947,34.39211513,33.90270599,34.39211513,34.07464919,0.7419,0.0,0.0
22/12/2018,0.043116531,0.0,0,0.0,0.0,0.0,0.0,0.0,0.0,0.0,0.0
23/12/2018,0.0,0.0,0,0.0,0.0,0.0,0.0,0.0,0.0,0.0,0.0
24/12/2018,0.0,9729530.0,005930.ks,34.21662343,34.70543234,34.03887474,34.48324647,34.16493744,0.0,0.0,0.0
25/12/2018,0.0,0.0,0,0.0,0.0,0.0,0.0,0.0,0.0,0.0,0.0
26/12/2018,0.0,12707675.0,005930.ks,34.18612615,34.49771844,34.09709978,34.14161296,33.82645961,0.2057,0.0,0.0
27/12/2018,0.0,10510643.0,005930.ks,34.4827778,34.57188058,33.94816109,34.08181526,34.08181526,0.0,0.0,0.0
28/12/2018,0.04233714400000001,9900267.0,005930.ks,34.24516356,34.82710752,34.20039864,34.64804784,34.64804784,0.0,0.0,0.0
29/12/2018,0.0,0.0,0,0.0,0.0,0.0,0.0,0.0,0.0,0.0,0.0
30/12/2018,0.0,0.0,0,0.0,0.0,0.0,0.0,0.0,0.0,0.0,0.0
31/12/2018,0.0,0.0,0,0.0,0.0,0.0,0.0,0.0,0.0,0.309586667,0.8832
1/1/2019,0.08745537699999999,0.0,0,0.0,0.0,0.0,0.0,0.0,0.0,0.03142,0.11796
2/1/2019,0.0,7847664.0,005930.ks,35.12200044,35.12200044,34.36429231,34.54257657,34.54257657,0.0,0.269035714,0.229822222
3/1/2019,0.210892857,12471493.0,005930.ks,33.97737595,34.19916039,33.22330886,33.35637953,33.35637953,0.0,0.252167857,0.35889
4/1/2019,0.0,14108958.0,005930.ks,33.38537522,33.51909501,32.85049604,33.38537522,33.38537522,0.0,0.06694130400000001,0.377716667
5/1/2019,0.0,0.0,0,0.0,0.0,0.0,0.0,0.0,0.0,0.080234286,0.1586
6/1/2019,0.08669456,0.0,0,0.0,0.0,0.0,0.0,0.0,0.0,0.123578571,0.22508181800000002
7/1/2019,0.0,12748997.0,005930.ks,33.94684463,34.75084885,33.76817703,34.61684814,34.61684814,0.0,0.279540909,0.51695
8/1/2019,0.098320645,12756554.0,005930.ks,33.73531375,34.80063944,33.69092518,33.82409089,33.82409089,0.4019,0.019360526,0.21720769199999998
9/1/2019,0.0,17452708.0,005930.ks,34.47668125,35.32410292,34.16447327,35.32410292,35.32410292,0.0,0.187094118,0.15433333300000002
10/1/2019,0.0,14731699.0,005930.ks,35.79407931,35.92830711,35.43613852,35.61510892,35.61510892,0.0,0.235042857,0.125345455
11/1/2019,0.079190555,11661063.0,005930.ks,36.09765661,36.27657932,35.73981119,36.23184865,36.23184865,0.34,0.27450555600000004,-0.566966667
12/1/2019,0.25,0.0,0,0.0,0.0,0.0,0.0,0.0,0.0,0.19083928600000002,0.157557143
13/1/2019,0.0,0.0,0,0.0,0.0,0.0,0.0,0.0,0.0,0.13415,0.582225
14/1/2019,0.064041852,11984996.0,005930.ks,36.0174675,36.24007237,35.48321582,35.66129972,35.66129972,-0.3182,0.0,-0.154714286
15/1/2019,0.0,11492756.0,005930.ks,35.65381918,36.5885635,35.47577264,36.5885635,36.5885635,-0.3182,0.0,0.067728571
16/1/2019,0.0,8491595.0,005930.ks,36.66082715,36.92809928,36.25991896,36.92809928,36.92809928,0.0,0.0,0.0
17/1/2019,0.0,11736903.0,005930.ks,37.10631852,37.46225443,36.88385858,37.32877846,37.32877846,0.4404,0.0,0.0
18/1/2019,0.0,11029256.0,005930.ks,37.44996989,37.80663627,37.40538659,37.71746968,37.71746968,0.0,0.0,0.0
19/1/2019,0.0,0.0,0,0.0,0.0,0.0,0.0,0.0,0.0,0.0,0.0
20/1/2019,0.0,0.0,0,0.0,0.0,0.0,0.0,0.0,0.0,0.0,0.0
21/1/2019,0.0,11355701.0,005930.ks,37.74427796,37.788475,37.03712521,37.788475,37.788475,0.34,0.0,0.0
22/1/2019,0.0,9964356.0,005930.ks,37.77979716,37.86817096,36.98443301,37.24955439,37.24955439,0.4739,0.0,0.0
23/1/2019,0.0,11071079.0,005930.ks,36.66345164,37.46144696,36.66345164,37.23978159,37.23978159,-0.34,0.0,0.0
24/1/2019,0.21720437199999998,14747623.0,005930.ks,38.10784199,38.15210197,37.48820228,38.10784199,38.10784199,-0.5423,0.0,0.0
25/1/2019,0.0,22789395.0,005930.ks,39.54989889,39.9516473,39.05887306,39.9516473,39.9516473,0.6369,0.0,0.0
26/1/2019,0.0,0.0,0,0.0,0.0,0.0,0.0,0.0,0.0,0.0,0.0
27/1/2019,0.0,0.0,0,0.0,0.0,0.0,0.0,0.0,0.0,0.0,0.0
28/1/2019,0.0,17998914.0,005930.ks,40.22877813,40.67576455,39.87118899,40.27347677,40.27347677,0.0,0.0,0.0
29/1/2019,0.0,16215017.0,005930.ks,40.28443147,40.68682867,39.65848026,40.68682867,40.68682867,0.4404,0.0,0.0
30/1/2019,0.0,17505980.0,005930.ks,40.06472715,41.49561026,40.06472715,41.49561026,41.49561026,0.4404,0.0,0.0
31/1/2019,0.0,21621145.0,005930.ks,41.94768234,42.30736236,41.49808231,41.49808231,41.49808231,-0.29600000000000004,0.15229230800000002,0.08635
1/2/2019,0.232193657,13832454.0,005930.ks,41.76302358,42.03159608,41.40492691,41.49445108,41.49445108,0.6081,0.22137451,0.119625
2/2/2019,0.0,0.0,0,0.0,0.0,0.0,0.0,0.0,-0.5920000000000001,0.177525,-0.11075
3/2/2019,0.0,0.0,0,0.0,0.0,0.0,0.0,0.0,0.0,0.15951785699999999,0.052454545
4/2/2019,0.0,0.0,0,0.0,0.0,0.0,0.0,0.0,-0.1779,0.12010294099999999,0.08676
5/2/2019,0.0,0.0,0,0.0,0.0,0.0,0.0,0.0,0.0,0.164703571,-0.134033333
6/2/2019,0.0,0.0,0,0.0,0.0,0.0,0.0,0.0,0.0,0.20072093,0.2660125
7/2/2019,0.0,15872001.0,005930.ks,41.60008148,41.86674867,41.06674711,41.06674711,41.06674711,0.0683,0.028791176,0.122318182
8/2/2019,0.0,12689196.0,005930.ks,40.70082263,40.70082263,39.76568338,39.89927470000001,39.89927470000001,0.0,0.303341935,0.19748
9/2/2019,0.081754484,0.0,0,0.0,0.0,0.0,0.0,0.0,0.6124,0.03827907,0.2288
10/2/2019,0.0,0.0,0,0.0,0.0,0.0,0.0,0.0,0.0,0.0,0.13555999999999999
11/2/2019,0.155749559,11125044.0,005930.ks,39.54506522,39.98939179999999,39.32290193,39.98939179999999,39.98939179999999,-0.3182,0.0,0.106671429
12/2/2019,0.0,13184367.0,005930.ks,39.73798287,41.16196434,39.73798287,40.98396666,40.98396666,-0.0772,0.0,0.3256625
13/2/2019,0.0,11299738.0,005930.ks,41.30330709,41.57035433,40.94724409,41.12527559,41.12527559,0.0,0.0,0.582725
14/2/2019,0.0,17259341.0,005930.ks,41.33288203,42.13115657,40.93374476,42.13115657,42.13115657,0.0,0.0,0.159175
15/2/2019,0.0,10554643.0,005930.ks,41.47141777,41.56012668,40.495619700000006,40.85045536,40.85045536,0.0,0.0,0.0
16/2/2019,0.26423579399999997,0.0,0,0.0,0.0,0.0,0.0,0.0,0.0,0.0,0.0
17/2/2019,0.16511544,0.0,0,0.0,0.0,0.0,0.0,0.0,0.0,0.0,0.0
18/2/2019,0.0,8183728.0,005930.ks,41.30383985,41.61472897,40.72647435,41.03736346,41.03736346,0.0,0.0,0.0
19/2/2019,0.0,6741395.0,005930.ks,40.66194739,40.92800157,40.30720848,40.75063212,40.75063212,-0.34,0.0,0.0
20/2/2019,0.09078590800000001,11506720.0,005930.ks,41.63729809,41.94902118,41.41463874,41.7708937,41.7708937,0.9769,0.0,0.0
21/2/2019,0.10583453599999999,8694009.0,005930.ks,41.32411299,41.94619641,41.05750581,41.72402376,41.72402376,0.2585,0.0,0.0
22/2/2019,0.0,6895772.0,005930.ks,41.36133365,41.93950283,41.3168591,41.93950283,41.93950283,1.5902,0.0,0.0
23/2/2019,0.0,0.0,0,0.0,0.0,0.0,0.0,0.0,0.7184,0.0,0.0
24/2/2019,0.059739604,0.0,0,0.0,0.0,0.0,0.0,0.0,0.4404,0.0,0.0
25/2/2019,0.0,7484716.0,005930.ks,42.407125799999996,42.54132557,42.09399302,42.36239255,42.36239255,0.0,0.0,0.0
26/2/2019,0.0,7985547.0,005930.ks,42.35774409,42.44720079,41.597362200000006,41.82100394,41.82100394,0.3612,0.0,0.0
27/2/2019,0.188078014,8045211.0,005930.ks,42.02234839,42.24587152,41.79882526,41.79882526,41.79882526,1.4667,0.0,0.0
28/2/2019,0.0,23569321.0,005930.ks,41.34843529,41.437548299999996,40.1899662,40.1899662,40.1899662,0.3377,0.319064407,0.36936666700000004
1/3/2019,0.093341991,0.0,0,0.0,0.0,0.0,0.0,0.0,0.0,0.147462903,0.240142857
2/3/2019,0.0,0.0,0,0.0,0.0,0.0,0.0,0.0,0.0,0.227595706,0.27704375
3/3/2019,0.0,0.0,0,0.0,0.0,0.0,0.0,0.0,0.0,0.233233962,0.2482
4/3/2019,0.0,12926539.0,005930.ks,40.84829401,40.93709465,39.78268634,39.82708666,39.82708666,1.0194,0.0,0.302524138
5/3/2019,0.0,10612405.0,005930.ks,39.57930770000001,40.02302191,39.17996491,39.26870775,39.26870775,0.8974,0.0,0.2627
6/3/2019,0.0,10202544.0,005930.ks,39.01180346,39.27779303,38.74581389,39.01180346,39.01180346,-0.3543,0.0,0.3813
7/3/2019,0.0,11049749.0,005930.ks,38.42134862,39.79353965,38.42134862,39.35089738,39.35089738,0.4404,0.0,0.15046363599999998
8/3/2019,0.0,7729069.0,005930.ks,39.1045704,39.4124804,38.53273754,38.53273754,38.53273754,1.6484,0.0,0.7486
9/3/2019,0.0,0.0,0,0.0,0.0,0.0,0.0,0.0,0.0,0.0,0.0
10/3/2019,0.045566507,0.0,0,0.0,0.0,0.0,0.0,0.0,0.0,0.0,0.0
11/3/2019,0.230452728,10717408.0,005930.ks,39.14697949,39.19106392,38.48571294,38.48571294,38.48571294,0.3182,0.0,0.0
12/3/2019,0.0,11431977.0,005930.ks,39.20954093,39.78485022,39.07677725,39.51932286,39.51932286,-0.256,0.0,0.0
13/3/2019,0.0,8108343.0,005930.ks,39.10170664,39.27843752,38.61569673,38.74824489,38.74824489,-0.128,0.0,0.0
14/3/2019,0.0,18039161.0,005930.ks,38.4530858,38.98104579,38.32109581,38.5850758,38.5850758,0.8028,0.0,0.0
15/3/2019,0.0,16814163.0,005930.ks,38.55450123,38.95060912,38.46647725,38.90659713,38.90659713,1.2476,0.0,0.0
16/3/2019,0.0,0.0,0,0.0,0.0,0.0,0.0,0.0,0.3818,0.0,0.0
17/3/2019,0.0,0.0,0,0.0,0.0,0.0,0.0,0.0,0.0,0.0,0.0
18/3/2019,0.0,8188876.0,005930.ks,38.82650273,39.00318761,38.38479053,38.60564663,38.60564663,0.0,0.0,0.0
19/3/2019,0.0,7609563.0,005930.ks,38.72598683,38.85876164,38.54895375,38.85876164,38.85876164,0.4588,0.0,0.0
20/3/2019,0.0,9846242.0,005930.ks,38.79256763,39.14683765,38.17259509,39.0139864,39.0139864,0.0,0.0,0.0
21/3/2019,0.0,21138016.0,005930.ks,39.51112529,40.97285974,39.02388047,40.61849988,40.61849988,0.0,0.0,0.0
22/3/2019,0.10516704699999999,12535911.0,005930.ks,41.27647118,41.40862637,40.74785042,41.0121608,41.0121608,0.0,0.0,0.0
23/3/2019,0.0,0.0,0,0.0,0.0,0.0,0.0,0.0,0.0,0.0,0.0
24/3/2019,0.1687818,0.0,0,0.0,0.0,0.0,0.0,0.0,0.0,0.0,0.0
25/3/2019,0.0,8699728.0,005930.ks,39.98398373,40.29291075,39.5426594,40.16051346,40.16051346,0.0,0.0,0.0
26/3/2019,0.026134208,9729811.0,005930.ks,40.10746266,40.2837592,39.57857305,39.88709199,39.88709199,0.0,0.0,0.0
27/3/2019,-0.025,9568081.0,005930.ks,39.3387783,40.08599532,38.89923888,39.8662256,39.8662256,-0.29600000000000004,0.0,0.0
28/3/2019,0.0,6821306.0,005930.ks,39.45888991,39.67834981,38.88829417,39.37110595,39.37110595,0.2614,0.0,0.0
29/3/2019,0.0,11491713.0,005930.ks,39.16750231,39.51956975,38.90345173,39.299527600000005,39.299527600000005,0.3182,0.0,0.0
30/3/2019,0.0,0.0,0,0.0,0.0,0.0,0.0,0.0,0.0,0.0,0.0
31/3/2019,0.0,0.0,0,0.0,0.0,0.0,0.0,0.0,0.0,0.190233333,0.4571
1/4/2019,0.0,7362129.0,005930.ks,39.82522506,40.04549732,39.51684389,39.6930617,39.6930617,0.34,0.089068519,0.18833636399999998
2/4/2019,0.0,9480688.0,005930.ks,40.08328423,40.56727558,39.90728737,40.25928108,40.25928108,0.9063,0.108026316,0.47004285700000004
3/4/2019,0.0,12436570.0,005930.ks,41.21301996,41.21301996,40.37553613,41.08078567,41.08078567,0.29600000000000004,0.086021333,0.39374285700000006
4/4/2019,0.12887722699999998,12650168.0,005930.ks,40.57432978,41.40955433,40.57432978,41.27767677,41.27767677,0.0,0.27297968699999997,0.25190909100000003
5/4/2019,0.0,8546339.0,005930.ks,41.27840002,41.80591951,40.97068032,41.1904801,41.1904801,0.0,0.293932955,0.281553846
6/4/2019,0.0,0.0,0,0.0,0.0,0.0,0.0,0.0,0.0,0.11339,0.286013333
7/4/2019,0.0,0.0,0,0.0,0.0,0.0,0.0,0.0,0.0,0.0,0.19555
8/4/2019,0.021548991,8507909.0,005930.ks,41.25218343,41.25218343,40.29181514,40.72834618,40.72834618,0.6124,0.0,0.18825555600000002
9/4/2019,0.0,6878761.0,005930.ks,40.98461431,41.20401802,40.54580687,40.94073356,40.94073356,0.0,0.0,0.282905556
10/4/2019,0.070833333,11883995.0,005930.ks,40.78791043,41.05162537,40.48024301,41.05162537,41.05162537,0.4019,0.0,0.0521
11/4/2019,0.0,13697399.0,005930.ks,40.93067843,41.01832442,40.44862547,40.53627147,40.53627147,0.0,0.0,0.23476666699999998
12/4/2019,0.0,7668936.0,005930.ks,40.63383087,41.38385814,40.58971161,41.33973889,41.33973889,0.0,0.0,0.0
13/4/2019,0.0,0.0,0,0.0,0.0,0.0,0.0,0.0,0.0,0.0,0.0
14/4/2019,0.0,0.0,0,0.0,0.0,0.0,0.0,0.0,0.0,0.0,0.0
15/4/2019,0.0,8733019.0,005930.ks,41.62794119,41.9369503,41.49550871,41.53965287,41.53965287,0.7419,0.0,0.0
16/4/2019,0.0,7730881.0,005930.ks,41.76040587,41.76040587,41.23179314,41.62825269,41.62825269,0.4019,0.0,0.0
17/4/2019,0.0,5513658.0,005930.ks,41.73953071,42.00426346,41.47479795,41.51892008,41.51892008,0.0,0.0,0.0
18/4/2019,-0.007350108,12808747.0,005930.ks,41.51843309,41.56241448,40.0230658,40.11102858,40.11102858,0.4404,0.0,0.0
19/4/2019,0.02120558,8479710.0,005930.ks,40.20600979,40.42571476,39.76659984,39.81054084,39.81054084,0.0,0.0,0.0
20/4/2019,0.0,0.0,0,0.0,0.0,0.0,0.0,0.0,0.0,0.0,0.0
21/4/2019,0.0,0.0,0,0.0,0.0,0.0,0.0,0.0,0.0,0.0,0.0
22/4/2019,0.0,6006957.0,005930.ks,39.78874655,40.22694861,39.52582532,39.74492635,39.74492635,-0.3304,0.0,0.0
23/4/2019,0.012016364,6920566.0,005930.ks,39.44584819,39.83986887,39.40206812,39.57718842,39.57718842,0.8126,0.0,0.0
24/4/2019,0.12331941800000001,13299267.0,005930.ks,39.44169644,39.6588864,38.35574665,38.87700255,38.87700255,-0.4767,0.0,0.0
25/4/2019,0.043003417,10868965.0,005930.ks,38.04329595,38.68809758,37.91433562,38.38719015,38.38719015,1.1673,0.0,0.0
26/4/2019,0.0,9739982.0,005930.ks,38.07302354,38.76212803,37.72847129,38.63292094,38.63292094,0.0,0.0,0.0
27/4/2019,0.0,0.0,0,0.0,0.0,0.0,0.0,0.0,0.0,0.0,0.0
28/4/2019,0.0,0.0,0,0.0,0.0,0.0,0.0,0.0,0.0,0.0,0.0
29/4/2019,0.040242462,8777517.0,005930.ks,38.90436631,39.76603555,38.86128284,39.76603555,39.76603555,0.0,0.0,0.0
30/4/2019,-0.06504629599999999,11121273.0,005930.ks,39.45138034,39.70867195,38.89391518,39.32273454,39.32273454,0.5106,0.29586399999999996,0.0
1/5/2019,0.0,0.0,0,0.0,0.0,0.0,0.0,0.0,0.0,0.232654545,0.24382857100000002
2/5/2019,0.0,8625126.0,005930.ks,39.1171261,39.67594218,39.03115439,39.46101292,39.46101292,0.4019,0.204958,0.4552
3/5/2019,0.0,6562916.0,005930.ks,39.23242253,39.36063306,38.71958041,38.71958041,38.71958041,0.3182,0.298384286,0.1465
4/5/2019,0.0,0.0,0,0.0,0.0,0.0,0.0,0.0,0.0,0.14734523800000002,0.11221666699999999
5/5/2019,0.0,0.0,0,0.0,0.0,0.0,0.0,0.0,0.0,0.09466923099999999,0.39074000000000003
6/5/2019,0.114431818,0.0,0,0.0,0.0,0.0,0.0,0.0,0.0,0.115894444,0.083758333
7/5/2019,0.134431818,12014907.0,005930.ks,38.64022429999999,38.68292068,37.91438584,38.29865326,38.29865326,0.4172,0.32967777800000003,-0.387177778
8/5/2019,0.042080982999999995,10398754.0,005930.ks,37.78091953,38.24998287,37.69563529,37.73827741,37.73827741,0.1779,0.256156604,0.061272727
9/5/2019,0.0,23029718.0,005930.ks,37.10769684,37.40354408,35.88204398,35.88204398,35.88204398,0.7224,0.114763636,-0.112571429
10/5/2019,0.0,14579512.0,005930.ks,36.09679172,36.81703287,35.96969034,36.35099448,36.35099448,0.0,0.0,0.010788889
11/5/2019,0.204134299,0.0,0,0.0,0.0,0.0,0.0,0.0,0.0,0.0,0.4065875
12/5/2019,0.0,0.0,0,0.0,0.0,0.0,0.0,0.0,0.0,0.0,0.476422222
13/5/2019,-0.015080245,7635079.0,005930.ks,35.77591047,36.36516076,35.64964255,35.90217839,35.90217839,0.0,0.0,0.08921
14/5/2019,0.18146631600000002,11563730.0,005930.ks,34.7760126,36.29167417,34.7760126,35.91275878,35.91275878,0.0,0.0,0.282616667
15/5/2019,0.0,7670185.0,005930.ks,35.86798717,36.16198707,35.74198722,35.74198722,35.74198722,0.0,0.0,0.27713636399999997
16/5/2019,0.09936993699999999,13687828.0,005930.ks,35.61460249,35.65665043,34.77364375,34.941835499999996,34.941835499999996,0.0,0.0,0.6549
17/5/2019,0.17647069,13357951.0,005930.ks,35.12233397,35.20605824,34.20136693,34.49440189,34.49440189,0.0,0.0,0.0
18/5/2019,0.0,0.0,0,0.0,0.0,0.0,0.0,0.0,0.0,0.0,0.0
19/5/2019,0.0,0.0,0,0.0,0.0,0.0,0.0,0.0,0.0,0.0,0.0
20/5/2019,0.0,15752397.0,005930.ks,34.88849841,35.26544497,34.80473251,35.18167907,35.18167907,0.5574,0.0,0.0
21/5/2019,0.15574053599999998,18812133.0,005930.ks,35.69830615,36.8295905,35.48880905,36.15919978,36.15919978,0.7804,0.0,0.0
22/5/2019,0.0,11033339.0,005930.ks,36.72404273,36.80807944,35.63156549,36.55596931,36.55596931,0.6124,0.0,0.0
23/5/2019,-0.002439123,12259006.0,005930.ks,36.83881393,36.92272922,36.29336452,36.79685628,36.79685628,0.0,0.0,0.0
24/5/2019,0.0,13966305.0,005930.ks,36.88882699,36.88882699,35.70973206,35.96239526,35.96239526,0.2732,0.0,0.0
25/5/2019,0.072347988,0.0,0,0.0,0.0,0.0,0.0,0.0,0.0,0.0,0.0
26/5/2019,0.0,0.0,0,0.0,0.0,0.0,0.0,0.0,0.0,0.0,0.0
27/5/2019,0.0,8066669.0,005930.ks,35.86803331,36.29001017,35.74144025,35.99462637,35.99462637,0.8481,0.0,0.0
28/5/2019,0.0,24506881.0,005930.ks,35.8089466,36.14557595,35.47231726,35.8089466,35.8089466,0.34,0.0,0.0
29/5/2019,0.0,14930618.0,005930.ks,35.01677042,35.22595065,34.55657391,34.97493437,34.97493437,0.0,0.0,0.0
30/5/2019,0.0,11766018.0,005930.ks,35.43479868,35.85464226,35.39281432,35.72868919,35.72868919,0.0,0.0,0.0
31/5/2019,0.192016176,11365999.0,005930.ks,35.76217901,35.93007656,35.38440951,35.67823023,35.67823023,0.0,0.16615333300000001,0.0
1/6/2019,0.196309445,0.0,0,0.0,0.0,0.0,0.0,0.0,0.0,0.283468966,0.689033333
2/6/2019,0.0,0.0,0,0.0,0.0,0.0,0.0,0.0,0.0,0.23168000000000002,0.1924
3/6/2019,0.0,15466580.0,005930.ks,36.298745700000005,37.10162832,35.91843288,37.01711436,37.01711436,0.0,0.19337727300000002,0.341
4/6/2019,0.0,9913497.0,005930.ks,36.666135700000005,36.91958825,36.32819896,36.70837779,36.70837779,0.0,0.191873684,0.356309091
5/6/2019,0.0,12464135.0,005930.ks,37.44314861,37.57065082,37.14564346,37.3156464,37.3156464,0.5719,0.20723333300000002,0.28647
6/6/2019,0.191155095,0.0,0,0.0,0.0,0.0,0.0,0.0,0.4019,0.257512963,0.318927273
7/6/2019,0.0,11683682.0,005930.ks,36.78307464,37.41581102,36.65652737,37.28926374,37.28926374,-0.1531,0.15399863,0.30955
8/6/2019,0.126783178,0.0,0,0.0,0.0,0.0,0.0,0.0,0.0,0.226,0.053341667
9/6/2019,0.0,0.0,0,0.0,0.0,0.0,0.0,0.0,0.0,0.222931429,0.48235
10/6/2019,0.0,8792182.0,005930.ks,37.36857702,37.83252097,37.1576934,37.79034425,37.79034425,0.0,0.1829,0.20410999999999999
11/6/2019,0.072727273,6664872.0,005930.ks,37.91727727,38.08655083,37.70568532,37.95959566,37.95959566,0.0,0.0,0.0293
12/6/2019,0.0,8607439.0,005930.ks,37.91797041,38.12956623,37.49477878,37.74869376,37.74869376,0.0,0.0,0.6273285710000001
13/6/2019,0.0,16906541.0,005930.ks,37.35560813,37.52463803,36.67948852,36.97529085,36.97529085,0.0,0.0,0.392409091
14/6/2019,0.0,9322873.0,005930.ks,36.95589007,37.293772499999996,36.57577235,37.16706659,37.16706659,0.9981,0.0,0.003275
15/6/2019,0.0,0.0,0,0.0,0.0,0.0,0.0,0.0,0.0,0.0,0.7615
16/6/2019,0.0,0.0,0,0.0,0.0,0.0,0.0,0.0,0.0,0.0,0.0
17/6/2019,0.0,11890424.0,005930.ks,36.86386649,37.11664729,36.56895556,36.99025689,36.99025689,0.34,0.0,0.0
18/6/2019,0.10567090900000001,7994928.0,005930.ks,36.92260252,37.55556142,36.838208,37.42896964,37.42896964,0.0,0.0,0.0
19/6/2019,0.034299118999999996,10417690.0,005930.ks,38.62812258,38.62812258,38.24566592,38.54313221,38.54313221,0.7224,0.0,0.0
20/6/2019,0.10400280699999999,7147785.0,005930.ks,38.64499524,39.20506763,38.64499524,39.20506763,39.20506763,0.0,0.0,0.0
21/6/2019,0.08395989999999999,9454913.0,005930.ks,39.38702536,39.43007129,38.91352013,39.34397943,39.34397943,0.0772,0.0,0.0
22/6/2019,0.0,0.0,0,0.0,0.0,0.0,0.0,0.0,0.0,0.0,0.0
23/6/2019,0.0,0.0,0,0.0,0.0,0.0,0.0,0.0,0.0,0.0,0.0
24/6/2019,0.0,6085066.0,005930.ks,39.08184281,39.60062833,39.08184281,39.34123557,39.34123557,0.34,0.0,0.0
25/6/2019,0.20571969699999998,7076774.0,005930.ks,39.16528567,39.68517884,39.16528567,39.51188112,39.51188112,0.0,0.0,0.0
26/6/2019,0.0,9226097.0,005930.ks,39.63709763,39.8101854,39.46400987,39.55055375,39.55055375,0.0,0.0,0.0
27/6/2019,0.0,12603534.0,005930.ks,39.83032777,40.34985378,39.6138586,40.26326611,40.26326611,0.5859,0.0,0.0
28/6/2019,0.0,12949231.0,005930.ks,40.66294142,40.66294142,40.40339073,40.66294142,40.66294142,0.0,0.0,0.0
29/6/2019,0.0,0.0,0,0.0,0.0,0.0,0.0,0.0,0.0,0.0,0.0
30/6/2019,0.0,0.0,0,0.0,0.0,0.0,0.0,0.0,0.0,0.22755999999999998,0.0
1/7/2019,0.0,11383522.0,005930.ks,40.76366374,40.80670879,39.81667261,40.11798797,40.11798797,1.6259,0.044222857000000004,0.14004
2/7/2019,0.0,8463073.0,005930.ks,39.6045058,40.20457407,39.30447167,39.64736782,39.64736782,0.3182,0.175097368,0.431425
3/7/2019,0.0,9669368.0,005930.ks,39.10969766,39.62261173,38.63952643,38.81049779,38.81049779,0.6369,0.156567442,0.09156666699999999
4/7/2019,0.119072274,6365573.0,005930.ks,38.70997567,39.52267129,38.70997567,39.35157748,39.35157748,0.5994,0.191705882,0.2591375
5/7/2019,0.176942787,7235395.0,005930.ks,39.24341831,39.24341831,38.64558604,38.98720448,38.98720448,0.0,0.113578049,0.44663333299999997
6/7/2019,0.0,0.0,0,0.0,0.0,0.0,0.0,0.0,0.1434,0.279343137,0.6548
7/7/2019,0.0,0.0,0,0.0,0.0,0.0,0.0,0.0,0.0,0.18157142899999998,0.476985714
8/7/2019,0.19132606600000002,7823843.0,005930.ks,37.96101946,38.00343401,37.62170309,37.66411763,37.66411763,0.34,0.18558333300000002,0.23989000000000002
9/7/2019,0.0,7646421.0,005930.ks,37.92643674,38.43381382,37.79959247,38.13784385,38.13784385,0.4019,0.09124186,0.15891
10/7/2019,0.199756915,9253930.0,005930.ks,38.56528399,39.07327895,38.52295108,38.56528399,38.56528399,0.0,0.155245455,0.025509999999999998
11/7/2019,0.0,10989751.0,005930.ks,39.50512828,39.6755927,39.33466387,39.37727997,39.37727997,-0.4215,0.0,0.41823
12/7/2019,0.0,5245804.0,005930.ks,39.31412387,39.35653393,38.84761323,39.27171381,39.27171381,0.1027,0.0,0.63705
13/7/2019,0.0,0.0,0,0.0,0.0,0.0,0.0,0.0,0.0,0.0,0.0
14/7/2019,0.0,0.0,0,0.0,0.0,0.0,0.0,0.0,0.0,0.0,0.0
15/7/2019,0.0,4717226.0,005930.ks,38.96241911,39.55597065,38.79283296,39.3863845,39.3863845,-0.3612,0.0,0.0
16/7/2019,0.0,7407824.0,005930.ks,39.40499263,39.74432518,39.27774292,39.74432518,39.74432518,1.0388,0.0,0.0
17/7/2019,0.23184471399999998,5216602.0,005930.ks,39.07149274,39.24081665,38.90216883,38.98683078,38.98683078,-0.1531,0.0,0.0
18/7/2019,0.161877605,5143554.0,005930.ks,39.42959207,39.42959207,38.75050329,39.13249073,39.13249073,-0.34,0.0,0.0
19/7/2019,0.0,8819393.0,005930.ks,39.70017133,39.95547789,39.65762023,39.82782461,39.82782461,0.6794,0.0,0.0
20/7/2019,0.0,0.0,0,0.0,0.0,0.0,0.0,0.0,0.3612,0.0,0.0
21/7/2019,0.0,0.0,0,0.0,0.0,0.0,0.0,0.0,0.0,0.0,0.0
22/7/2019,0.0,9009109.0,005930.ks,39.75203357,40.17673478,39.58215308,40.09179454,40.09179454,0.0,0.0,0.0
23/7/2019,0.271855887,9061381.0,005930.ks,40.1695912,40.33926212,39.91508481,40.12717347,40.12717347,0.0619,0.0,0.0
24/7/2019,0.0,8756522.0,005930.ks,40.00808253,40.05055396,39.28606831,39.41348258,39.41348258,0.4172,0.0,0.0
25/7/2019,0.164975915,8408838.0,005930.ks,39.93966056,39.98201439,39.47376844,39.98201439,39.98201439,0.9089,0.0,0.0
26/7/2019,0.054119398,7873886.0,005930.ks,39.42871778,39.85131925,39.34419748,39.85131925,39.85131925,1.7196,0.0,0.0
27/7/2019,0.083552076,0.0,0,0.0,0.0,0.0,0.0,0.0,0.2488,0.0,0.0
28/7/2019,0.0,0.0,0,0.0,0.0,0.0,0.0,0.0,0.0772,0.0,0.0
29/7/2019,0.097636913,6856846.0,005930.ks,39.517109399999995,39.72820507,38.84160326,38.92604152,38.92604152,0.0,0.0,0.0
30/7/2019,0.0,5551014.0,005930.ks,39.20517745,39.670897700000005,39.20517745,39.41686848,39.41686848,0.4019,0.0,0.0
31/7/2019,0.0,12872916.0,005930.ks,39.08031102,39.41866869,38.065238,38.36130097,38.36130097,0.5423,0.034542424,0.0
1/8/2019,0.0,7811181.0,005930.ks,37.72313653,38.22723189999999,37.68112859,37.97518422,37.97518422,1.2694,0.16132381,-0.060766667
2/8/2019,0.263541667,0.0,0,0.0,0.0,0.0,0.0,0.0,0.2369,0.171794545,0.20279
3/8/2019,0.0,0.0,0,0.0,0.0,0.0,0.0,0.0,-0.34,0.249577143,0.386142857
4/8/2019,0.0,0.0,0,0.0,0.0,0.0,0.0,0.0,0.4215,0.286628767,0.357541667
5/8/2019,0.0,14214086.0,005930.ks,36.46912137,36.67469702,35.852394399999994,36.14020032,36.14020032,0.4856,0.146964,0.299757143
6/8/2019,0.139983165,15083824.0,005930.ks,35.02840156,36.09985854,35.02840156,35.85259924,35.85259924,0.0619,0.21272941199999998,0.28725384600000003
7/8/2019,0.126743881,10002533.0,005930.ks,35.86640622,36.11319341,35.45509422,35.53735662,35.53735662,4.0364,0.175621875,0.3428
8/8/2019,0.070334378,16926881.0,005930.ks,35.77531482,35.98210855,35.27900987,35.27900987,35.27900987,1.8087,0.0,0.231756098
9/8/2019,0.0,9685147.0,005930.ks,35.70975115,35.79231705,35.54461935,35.62718525,35.62718525,0.4019,0.0,0.38646666700000004
10/8/2019,0.0,0.0,0,0.0,0.0,0.0,0.0,0.0,0.0,0.0,0.0
11/8/2019,0.0,0.0,0,0.0,0.0,0.0,0.0,0.0,0.0,0.0,0.0
12/8/2019,0.0,8466169.0,005930.ks,36.09512293,36.09512293,35.72596827,35.84901982,35.84901982,1.4626,0.0,0.0
13/8/2019,0.0,7276979.0,005930.ks,35.54886397,35.54886397,35.09939557,35.14025634,35.14025634,2.0746,0.0,0.0
14/8/2019,0.23035615199999998,8750135.0,005930.ks,36.15408171,36.44232609,35.82465955,35.98937063,35.98937063,0.4754,0.0,0.0
15/8/2019,0.0,0.0,0,0.0,0.0,0.0,0.0,0.0,0.0,0.0,0.0
16/8/2019,0.215699167,9528115.0,005930.ks,36.24150605,36.32424922,35.82779023,36.32424922,36.32424922,0.0,0.0,0.0
17/8/2019,0.0,0.0,0,0.0,0.0,0.0,0.0,0.0,0.4215,0.0,0.0
18/8/2019,0.0,0.0,0,0.0,0.0,0.0,0.0,0.0,0.0,0.0,0.0
19/8/2019,0.113155825,6014218.0,005930.ks,36.6617069,36.6617069,35.95905862,36.04172313,36.04172313,-0.4767,0.0,0.0
20/8/2019,0.0,8434205.0,005930.ks,36.38791132,36.92607155,36.05673579,36.80188073,36.80188073,0.0,0.0,0.0
21/8/2019,0.21656040899999998,6571717.0,005930.ks,36.86675301,37.24082378,36.70049933,36.99144327,36.99144327,0.8901,0.0,0.0
22/8/2019,0.0,8061177.0,005930.ks,36.77831304,36.94360883,36.24110172,36.40639751,36.40639751,0.3802,0.0,0.0
23/8/2019,0.0,5017381.0,005930.ks,36.135596,36.46560144,36.01184396,36.25934804,36.25934804,1.0906,0.0,0.0
24/8/2019,0.0,0.0,0,0.0,0.0,0.0,0.0,0.0,-0.5574,0.0,0.0
25/8/2019,0.0,0.0,0,0.0,0.0,0.0,0.0,0.0,0.8624,0.0,0.0
26/8/2019,0.0,7954949.0,005930.ks,35.4786999,36.09679572,35.39628713,35.93197017,35.93197017,1.1703,0.0,0.0
27/8/2019,0.18398150800000002,16883932.0,005930.ks,35.99812838,36.45171305,35.95689341,36.32800814,36.32800814,0.8376,0.0,0.0
28/8/2019,0.0,5758333.0,005930.ks,36.32636179,36.5734799,36.03805733,36.36754814,36.36754814,-0.0976,0.0,0.0
29/8/2019,0.0,10768862.0,005930.ks,36.52080208,36.52080208,35.57060022,35.85979209,35.85979209,0.3182,0.0,0.0
30/8/2019,0.0,9899073.0,005930.ks,36.21522491,36.67050202,36.21522491,36.42216905,36.42216905,0.34,0.0,0.0
31/8/2019,0.090285924,0.0,0,0.0,0.0,0.0,0.0,0.0,0.0,0.34984,0.0
1/9/2019,0.0,0.0,0,0.0,0.0,0.0,0.0,0.0,0.5994,0.198820755,0.013857143
2/9/2019,0.0,7185537.0,005930.ks,37.00026326,37.00026326,36.01028966,36.13403636,36.13403636,0.4019,0.253246154,0.16203
3/9/2019,0.0,0.0,0,0.0,0.0,0.0,0.0,0.0,0.4939,0.22168260899999997,0.3359
4/9/2019,0.152975699,12441837.0,005930.ks,35.88425103,36.58949065,35.80128167,36.58949065,36.58949065,0.0619,0.24243695699999998,0.492341176
5/9/2019,0.0,18297430.0,005930.ks,37.41962384,38.50546114,37.12728303,38.17135735,38.17135735,1.2367,0.183055882,0.328055556
6/9/2019,0.126339286,9896562.0,005930.ks,39.00111811,39.00111811,38.45594119,38.83337136,38.83337136,0.0607,0.33805822799999996,0.4374875
7/9/2019,0.0,0.0,0,0.0,0.0,0.0,0.0,0.0,0.0,0.0,0.17193636399999998
8/9/2019,-0.004641567,0.0,0,0.0,0.0,0.0,0.0,0.0,0.0,0.0,0.1587625
9/9/2019,0.0,9434157.0,005930.ks,38.94276172,39.40387085,38.81700469,39.32003283,39.32003283,0.82,0.0,0.29217333300000004
10/9/2019,0.12170029800000001,0.0,0,0.0,0.0,0.0,0.0,0.0,-0.9511,0.0,-0.16238333300000002
11/9/2019,0.0,16141619.0,005930.ks,39.65755063,39.74139324,39.23833763,39.53178673,39.53178673,0.6081,0.0,0.14478333300000001
12/9/2019,0.204593992,0.0,0,0.0,0.0,0.0,0.0,0.0,0.4404,0.0,0.2176
13/9/2019,0.0,0.0,0,0.0,0.0,0.0,0.0,0.0,0.6369,0.0,-0.1864
14/9/2019,0.0,0.0,0,0.0,0.0,0.0,0.0,0.0,0.0,0.0,0.0
15/9/2019,0.0,0.0,0,0.0,0.0,0.0,0.0,0.0,0.4939,0.0,0.0
16/9/2019,0.170854156,15550926.0,005930.ks,39.69413458,39.77859019,39.18740095,39.77859019,39.77859019,0.8555,0.0,0.0
17/9/2019,0.16596181,7006280.0,005930.ks,39.50916784,39.5932299,39.34104372,39.42510578,39.42510578,0.0,0.0,0.0
18/9/2019,0.150327557,10413027.0,005930.ks,39.38442662,40.056229200000004,39.30045129,40.056229200000004,40.056229200000004,0.596,0.0,0.0
19/9/2019,0.12018646699999999,16461413.0,005930.ks,40.23556717,41.19854121,40.06809343,41.15667277,41.15667277,0.0,0.0,0.0
20/9/2019,0.23344812199999998,15460210.0,005930.ks,41.55471157,41.72294927,41.30235502,41.38647387,41.38647387,-0.0815,0.0,0.0
21/9/2019,0.0,0.0,0,0.0,0.0,0.0,0.0,0.0,0.6369,0.0,0.0
22/9/2019,0.0,0.0,0,0.0,0.0,0.0,0.0,0.0,0.7783,0.0,0.0
23/9/2019,0.0,7568553.0,005930.ks,41.13309435,41.17485383,40.92429691,41.17485383,41.17485383,0.0,0.0,0.0
24/9/2019,0.0,7871955.0,005930.ks,41.08347289,41.58602302,40.91595618,41.46038549,41.46038549,0.9645,0.0,0.0
25/9/2019,0.038599537,9187141.0,005930.ks,40.9828958,41.10784366,40.64970153,40.7330001,40.7330001,0.3818,0.0,0.0
26/9/2019,0.19276184,8494756.0,005930.ks,40.7913784,40.99949768,40.70813069,40.95787383,40.95787383,-0.0385,0.0,0.0
27/9/2019,0.0,8048041.0,005930.ks,40.05341677,40.63752909,40.05341677,40.38719524,40.38719524,1.7432,0.0,0.0
28/9/2019,0.0,0.0,0,0.0,0.0,0.0,0.0,0.0,0.0,0.0,0.0
29/9/2019,0.0,0.0,0,0.0,0.0,0.0,0.0,0.0,0.6369,0.0,0.0
30/9/2019,0.141547483,9497119.0,005930.ks,40.09843811,41.09985592,39.97326088,40.93295295,40.93295295,3.8549,0.346882609,0.0
1/10/2019,0.15709320699999998,6206035.0,005930.ks,40.66293798,40.82924857,40.45504975,40.62136033,40.62136033,0.2057,0.212209333,0.24785
2/10/2019,0.115224599,8382463.0,005930.ks,40.07159384,40.11303292,39.45000759,39.45000759,39.45000759,0.0,0.12203214300000001,0.36092307700000004
3/10/2019,0.0,0.0,0,0.0,0.0,0.0,0.0,0.0,0.3561,0.347175,0.7739285709999999
4/10/2019,0.0,0.0,0,0.0,0.0,0.0,0.0,0.0,0.4757,0.192654098,0.24835
5/10/2019,0.043108050999999994,0.0,0,0.0,0.0,0.0,0.0,0.0,-0.5994,0.37252857100000003,0.635733333
6/10/2019,0.0,0.0,0,0.0,0.0,0.0,0.0,0.0,0.3818,0.17445765800000002,0.402366667
7/10/2019,0.11051537,7047273.0,005930.ks,40.41298282,40.70552768,39.827893100000004,39.91147734,39.91147734,1.1308,0.284918519,0.193166667
8/10/2019,0.0,14239367.0,005930.ks,39.97458239,40.89257906,39.72421966,40.80912482,40.80912482,0.527,0.0,0.477254545
9/10/2019,0.100032545,0.0,0,0.0,0.0,0.0,0.0,0.0,0.1833,0.0,0.399983333
10/10/2019,0.0,18639855.0,005930.ks,40.40262336,41.24085206,40.23497762,40.696003399999995,40.696003399999995,1.2765,0.0,0.45473333299999996
11/10/2019,0.0,7783275.0,005930.ks,41.34975279,41.72949542,41.18097829,41.47633367,41.47633367,0.8123,0.0,0.2729875
12/10/2019,0.0,0.0,0,0.0,0.0,0.0,0.0,0.0,1.3282,0.0,0.17975
13/10/2019,0.0,0.0,0,0.0,0.0,0.0,0.0,0.0,0.0,0.0,0.461025
14/10/2019,-0.003329346,11130635.0,005930.ks,42.1977568,42.45094334,42.07116353,42.1977568,42.1977568,1.0957,0.0,0.25657777800000003
15/10/2019,0.091115355,6058105.0,005930.ks,42.07162718,42.32456281,42.07162718,42.24025094,42.24025094,1.1483,0.0,0.0
16/10/2019,0.18821730600000003,9136282.0,005930.ks,42.65266957,42.82092468,42.40028691,42.65266957,42.65266957,0.8222,0.0,0.0
17/10/2019,0.0,6701380.0,005930.ks,42.83430521,42.91912562,42.49502358,42.83430521,42.83430521,0.2791,0.0,0.0
18/10/2019,0.093373106,8483106.0,005930.ks,42.64858901,43.1573197,42.09746411,42.30943523,42.30943523,-0.2882,0.0,0.0
19/10/2019,0.0,0.0,0,0.0,0.0,0.0,0.0,0.0,0.0,0.0,0.0
20/10/2019,0.0,0.0,0,0.0,0.0,0.0,0.0,0.0,0.8807,0.0,0.0
21/10/2019,0.0,4406531.0,005930.ks,42.59095979,43.01772291,42.50560716,42.93237029,42.93237029,0.0,0.0,0.0
22/10/2019,0.194337552,10898729.0,005930.ks,43.29843854,43.89507057,43.21320539,43.63937113,43.63937113,0.0,0.0,0.0
23/10/2019,0.202611966,8663880.0,005930.ks,43.77689209,43.94756224,43.35021673,43.69155702,43.69155702,0.0,0.0,0.0
24/10/2019,0.112101159,21185785.0,005930.ks,44.75649836,44.75649836,43.051488899999995,43.22198984,43.22198984,0.8140000000000001,0.0,0.0
25/10/2019,0.0,7879897.0,005930.ks,43.24075195,43.58123031,42.98539318,43.32587154,43.32587154,0.3612,0.0,0.0
26/10/2019,0.0,0.0,0,0.0,0.0,0.0,0.0,0.0,1.4388,0.0,0.0
27/10/2019,0.0,0.0,0,0.0,0.0,0.0,0.0,0.0,0.6369,0.0,0.0
28/10/2019,0.10750811699999999,6431522.0,005930.ks,43.33597255,44.01977488,43.33597255,43.8488243,43.8488243,0.6369,0.0,0.0
29/10/2019,0.139891102,7581629.0,005930.ks,44.00807186,44.26492831,43.49435896,43.75121541,43.75121541,0.6729,0.0,0.0
30/10/2019,0.0,8959435.0,005930.ks,43.40655715,43.49217166,42.97848459,43.14971362,43.14971362,0.9357,0.0,0.0
31/10/2019,0.10723494800000001,10304777.0,005930.ks,43.6616086,44.00405259,43.06233162,43.14794262,43.14794262,0.0,0.0,0.0
