,timestamp,Reddit_Senti
0,01-07-18,0.16746
1,02-07-18,0.091721053
2,03-07-18,0.195631579
3,04-07-18,0.0891
4,05-07-18,0.107268571
5,06-07-18,0.134361538
6,07-07-18,0.11289
7,08-07-18,0.253885714
8,09-07-18,0.252747619
9,10-07-18,0.328505
10,11-07-18,0.270475
11,12-07-18,0.056978947
12,13-07-18,0.263295
13,14-07-18,0.170213333
14,15-07-18,0.283545455
15,16-07-18,0.208477273
16,17-07-18,0.116065217
17,18-07-18,0.093678571
18,19-07-18,0.3095
19,20-07-18,
20,21-07-18,
21,22-07-18,
22,23-07-18,
23,24-07-18,
24,25-07-18,
25,26-07-18,
26,27-07-18,
27,28-07-18,
28,29-07-18,
29,30-07-18,
30,31-07-18,0.375033333
31,01-08-18,0.316292857
32,02-08-18,0.034783333
33,03-08-18,0.182417857
34,04-08-18,0.404171795
35,05-08-18,0.328453333
36,06-08-18,0.073470588
37,07-08-18,0.234031915
38,08-08-18,0.134015
39,09-08-18,0.1993
40,10-08-18,0.228048148
41,11-08-18,0.15681087
42,12-08-18,0.2926125
43,13-08-18,
44,14-08-18,
45,15-08-18,
46,16-08-18,
47,17-08-18,
48,18-08-18,
49,19-08-18,
50,20-08-18,
51,21-08-18,
52,22-08-18,
53,23-08-18,
54,24-08-18,
55,25-08-18,
56,26-08-18,
57,27-08-18,
58,28-08-18,
59,29-08-18,
60,30-08-18,
61,31-08-18,0.1489
62,01-09-18,0.22152963
63,02-09-18,0.058905263
64,03-09-18,0.093857143
65,04-09-18,0.13836875
66,05-09-18,0.12322093
67,06-09-18,0.312171111
68,07-09-18,0.133466667
69,08-09-18,0.1664625
70,09-09-18,0.229556
71,10-09-18,0.3065
72,11-09-18,0.195730435
73,12-09-18,0.209817857
74,13-09-18,0.226275
75,14-09-18,
76,15-09-18,
77,16-09-18,
78,17-09-18,
79,18-09-18,
80,19-09-18,
81,20-09-18,
82,21-09-18,
83,22-09-18,
84,23-09-18,
85,24-09-18,
86,25-09-18,
87,26-09-18,
88,27-09-18,
89,28-09-18,
90,29-09-18,
91,30-09-18,0.285985714
92,01-10-18,0.180121277
93,02-10-18,0.366842857
94,03-10-18,0.210978788
95,04-10-18,0.0545875
96,05-10-18,0.179833333
97,06-10-18,0.323995652
98,07-10-18,0.368705882
99,08-10-18,0.38396875
100,09-10-18,0.062767568
101,10-10-18,0.230436735
102,11-10-18,0.204122034
103,12-10-18,0.25018125
104,13-10-18,
105,14-10-18,
106,15-10-18,
107,16-10-18,
108,17-10-18,
109,18-10-18,
110,19-10-18,
111,20-10-18,
112,21-10-18,
113,22-10-18,
114,23-10-18,
115,24-10-18,
116,25-10-18,
117,26-10-18,
118,27-10-18,
119,28-10-18,
120,29-10-18,
121,30-10-18,
122,31-10-18,0.207923529
123,01-11-18,0.301693023
124,02-11-18,0.33471875
125,03-11-18,0.211215385
126,04-11-18,0.209834884
127,05-11-18,0.243147368
128,06-11-18,0.191860606
129,07-11-18,0.10525
130,08-11-18,0.130219178
131,09-11-18,0.269876471
132,10-11-18,0.363175
133,11-11-18,
134,12-11-18,
135,13-11-18,
136,14-11-18,
137,15-11-18,
138,16-11-18,
139,17-11-18,
140,18-11-18,
141,19-11-18,
142,20-11-18,
143,21-11-18,
144,22-11-18,
145,23-11-18,
146,24-11-18,
147,25-11-18,
148,26-11-18,
149,27-11-18,
150,28-11-18,
151,29-11-18,
152,30-11-18,-0.182295455
153,01-12-18,0.024709091
154,02-12-18,0.314917241
155,03-12-18,-0.025095238
156,04-12-18,0.076552
157,05-12-18,0.14246129
158,06-12-18,0.202148
159,07-12-18,0.0549625
160,08-12-18,-0.061421053
161,09-12-18,0.105536
162,10-12-18,0.338811111
163,11-12-18,0.447806667
164,12-12-18,0.345172727
165,13-12-18,0.240995238
166,14-12-18,0.234621053
167,15-12-18,0.3609
168,16-12-18,
169,17-12-18,
170,18-12-18,
171,19-12-18,
172,20-12-18,
173,21-12-18,
174,22-12-18,
175,23-12-18,
176,24-12-18,
177,25-12-18,
178,26-12-18,
179,27-12-18,
180,28-12-18,
181,29-12-18,
182,30-12-18,
183,31-12-18,0.309586667
184,01-01-19,0.03142
185,02-01-19,0.269035714
186,03-01-19,0.252167857
187,04-01-19,0.066941304
188,05-01-19,0.080234286
189,06-01-19,0.123578571
190,07-01-19,0.279540909
191,08-01-19,0.019360526
192,09-01-19,0.187094118
193,10-01-19,0.235042857
194,11-01-19,0.274505556
195,12-01-19,0.190839286
196,13-01-19,0.13415
197,14-01-19,
198,15-01-19,
199,16-01-19,
200,17-01-19,
201,18-01-19,
202,19-01-19,
203,20-01-19,
204,21-01-19,
205,22-01-19,
206,23-01-19,
207,24-01-19,
208,25-01-19,
209,26-01-19,
210,27-01-19,
211,28-01-19,
212,29-01-19,
213,30-01-19,
214,31-01-19,0.152292308
215,01-02-19,0.22137451
216,02-02-19,0.177525
217,03-02-19,0.159517857
218,04-02-19,0.120102941
219,05-02-19,0.164703571
220,06-02-19,0.20072093
221,07-02-19,0.028791176
222,08-02-19,0.303341935
223,09-02-19,0.03827907
224,10-02-19,
225,11-02-19,
226,12-02-19,
227,13-02-19,
228,14-02-19,
229,15-02-19,
230,16-02-19,
231,17-02-19,
232,18-02-19,
233,19-02-19,
234,20-02-19,
235,21-02-19,
236,22-02-19,
237,23-02-19,
238,24-02-19,
239,25-02-19,
240,26-02-19,
241,27-02-19,
242,28-02-19,0.319064407
243,01-03-19,0.147462903
244,02-03-19,0.227595706
245,03-03-19,0.233233962
246,04-03-19,
247,05-03-19,
248,06-03-19,
249,07-03-19,
250,08-03-19,
251,09-03-19,
252,10-03-19,
253,11-03-19,
254,12-03-19,
255,13-03-19,
256,14-03-19,
257,15-03-19,
258,16-03-19,
259,17-03-19,
260,18-03-19,
261,19-03-19,
262,20-03-19,
263,21-03-19,
264,22-03-19,
265,23-03-19,
266,24-03-19,
267,25-03-19,
268,26-03-19,
269,27-03-19,
270,28-03-19,
271,29-03-19,
272,30-03-19,
273,31-03-19,0.190233333
274,01-04-19,0.089068519
275,02-04-19,0.108026316
276,03-04-19,0.086021333
277,04-04-19,0.272979687
278,05-04-19,0.293932955
279,06-04-19,0.11339
280,07-04-19,
281,08-04-19,
282,09-04-19,
283,10-04-19,
284,11-04-19,
285,12-04-19,
286,13-04-19,
287,14-04-19,
288,15-04-19,
289,16-04-19,
290,17-04-19,
291,18-04-19,
292,19-04-19,
293,20-04-19,
294,21-04-19,
295,22-04-19,
296,23-04-19,
297,24-04-19,
298,25-04-19,
299,26-04-19,
300,27-04-19,
301,28-04-19,
302,29-04-19,
303,30-04-19,0.295864
304,01-05-19,0.232654545
305,02-05-19,0.204958
306,03-05-19,0.298384286
307,04-05-19,0.147345238
308,05-05-19,0.094669231
309,06-05-19,0.115894444
310,07-05-19,0.329677778
311,08-05-19,0.256156604
312,09-05-19,0.114763636
313,10-05-19,
314,11-05-19,
315,12-05-19,
316,13-05-19,
317,14-05-19,
318,15-05-19,
319,16-05-19,
320,17-05-19,
321,18-05-19,
322,19-05-19,
323,20-05-19,
324,21-05-19,
325,22-05-19,
326,23-05-19,
327,24-05-19,
328,25-05-19,
329,26-05-19,
330,27-05-19,
331,28-05-19,
332,29-05-19,
333,30-05-19,
334,31-05-19,0.166153333
335,01-06-19,0.283468966
336,02-06-19,0.23168
337,03-06-19,0.193377273
338,04-06-19,0.191873684
339,05-06-19,0.207233333
340,06-06-19,0.257512963
341,07-06-19,0.15399863
342,08-06-19,0.226
343,09-06-19,0.222931429
344,10-06-19,0.1829
345,11-06-19,
346,12-06-19,
347,13-06-19,
348,14-06-19,
349,15-06-19,
350,16-06-19,
351,17-06-19,
352,18-06-19,
353,19-06-19,
354,20-06-19,
355,21-06-19,
356,22-06-19,
357,23-06-19,
358,24-06-19,
359,25-06-19,
360,26-06-19,
361,27-06-19,
362,28-06-19,
363,29-06-19,
364,30-06-19,0.22756
365,01-07-19,0.044222857
366,02-07-19,0.175097368
367,03-07-19,0.156567442
368,04-07-19,0.191705882
369,05-07-19,0.113578049
370,06-07-19,0.279343137
371,07-07-19,0.181571429
372,08-07-19,0.185583333
373,09-07-19,0.09124186
374,10-07-19,0.155245455
375,11-07-19,
376,12-07-19,
377,13-07-19,
378,14-07-19,
379,15-07-19,
380,16-07-19,
381,17-07-19,
382,18-07-19,
383,19-07-19,
384,20-07-19,
385,21-07-19,
386,22-07-19,
387,23-07-19,
388,24-07-19,
389,25-07-19,
390,26-07-19,
391,27-07-19,
392,28-07-19,
393,29-07-19,
394,30-07-19,
395,31-07-19,0.034542424
396,01-08-19,0.16132381
397,02-08-19,0.171794545
398,03-08-19,0.249577143
399,04-08-19,0.286628767
400,05-08-19,0.146964
401,06-08-19,0.212729412
402,07-08-19,0.175621875
403,08-08-19,
404,09-08-19,
405,10-08-19,
406,11-08-19,
407,12-08-19,
408,13-08-19,
409,14-08-19,
410,15-08-19,
411,16-08-19,
412,17-08-19,
413,18-08-19,
414,19-08-19,
415,20-08-19,
416,21-08-19,
417,22-08-19,
418,23-08-19,
419,24-08-19,
420,25-08-19,
421,26-08-19,
422,27-08-19,
423,28-08-19,
424,29-08-19,
425,30-08-19,
426,31-08-19,0.34984
427,01-09-19,0.198820755
428,02-09-19,0.253246154
429,03-09-19,0.221682609
430,04-09-19,0.242436957
431,05-09-19,0.183055882
432,06-09-19,0.338058228
433,07-09-19,
434,08-09-19,
435,09-09-19,
436,10-09-19,
437,11-09-19,
438,12-09-19,
439,13-09-19,
440,14-09-19,
441,15-09-19,
442,16-09-19,
443,17-09-19,
444,18-09-19,
445,19-09-19,
446,20-09-19,
447,21-09-19,
448,22-09-19,
449,23-09-19,
450,24-09-19,
451,25-09-19,
452,26-09-19,
453,27-09-19,
454,28-09-19,
455,29-09-19,
456,30-09-19,0.346882609
457,01-10-19,0.212209333
458,02-10-19,0.122032143
459,03-10-19,0.347175
460,04-10-19,0.192654098
461,05-10-19,0.372528571
462,06-10-19,0.174457658
463,07-10-19,0.284918519
464,08-10-19,
465,09-10-19,
466,10-10-19,
467,11-10-19,
468,12-10-19,
469,13-10-19,
470,14-10-19,
471,15-10-19,
472,16-10-19,
473,17-10-19,
474,18-10-19,
475,19-10-19,
476,20-10-19,
477,21-10-19,
478,22-10-19,
479,23-10-19,
480,24-10-19,
481,25-10-19,
482,26-10-19,
483,27-10-19,
484,28-10-19,
485,29-10-19,
486,30-10-19,
487,31-10-19,
