,0,1
0,['Tweets']------------------------------,"{'neg': 0.0, 'neu': 1.0, 'pos': 0.0, 'compound': 0.0}"
1,['Samsungs newest rugged tablet is available now in the US starting at 59999  '],"{'neg': 0.0, 'neu': 1.0, 'pos': 0.0, 'compound': 0.0}"
2,['Samsung Galaxy Fold rereview here we go again  '],"{'neg': 0.0, 'neu': 1.0, 'pos': 0.0, 'compound': 0.0}"
3,['Samsung unveils new foldable compact phone concept '],"{'neg': 0.0, 'neu': 1.0, 'pos': 0.0, 'compound': 0.0}"
4,['Samsungs new Galaxy Books double as a wireless charger '],"{'neg': 0.0, 'neu': 1.0, 'pos': 0.0, 'compound': 0.0}"
5,['Samsungs space selfie balloon crashlands on Michigan farm  '],"{'neg': 0.0, 'neu': 1.0, 'pos': 0.0, 'compound': 0.0}"
6,['Samsung has reportedly fixed the Galaxy S10 fingerprint recognition issue  '],"{'neg': 0.0, 'neu': 1.0, 'pos': 0.0, 'compound': 0.0}"
7,['Samsung patent application reveals augmented reality headset design  '],"{'neg': 0.0, 'neu': 1.0, 'pos': 0.0, 'compound': 0.0}"
8,['Samsung to patch the Galaxy S10s fingerprint sensor over screen protector concerns  '],"{'neg': 0.0, 'neu': 1.0, 'pos': 0.0, 'compound': 0.0}"
9,['Samsung launches Android 10 beta for Galaxy S10 devices  '],"{'neg': 0.0, 'neu': 1.0, 'pos': 0.0, 'compound': 0.0}"
10,['iFixits new Galaxy Fold teardown shows exactly how Samsung tried to fix the Fold  '],"{'neg': 0.0, 'neu': 1.0, 'pos': 0.0, 'compound': 0.0}"
11,['Samsungs new Chromebook 4 offers a refined design USBC charging and now comes in two sizes '],"{'neg': 0.0, 'neu': 1.0, 'pos': 0.0, 'compound': 0.0}"
12,['Samsung phones now work with wireless Android Auto  '],"{'neg': 0.0, 'neu': 1.0, 'pos': 0.0, 'compound': 0.0}"
13,['Samsung Galaxy Tab S6 review flashy hardware let down by sloppy software  '],"{'neg': 0.0, 'neu': 1.0, 'pos': 0.0, 'compound': 0.0}"
14,['Samsung will let Galaxy Fold owners replace their screens once for 149  '],"{'neg': 0.0, 'neu': 1.0, 'pos': 0.0, 'compound': 0.0}"
15,['Samsungs new camera sensor has the tiniest pixels ever  '],"{'neg': 0.0, 'neu': 1.0, 'pos': 0.0, 'compound': 0.0}"
16,['The Galaxy Fold is still extremely fragile and Samsung knows it  '],"{'neg': 0.0, 'neu': 1.0, 'pos': 0.0, 'compound': 0.0}"
17,['Google finds Android zero day that can take control of Pixel and Galaxy devices  '],"{'neg': 0.0, 'neu': 1.0, 'pos': 0.0, 'compound': 0.0}"
18,['The Galaxy Fold goes on sale again in the US on September 27th  '],"{'neg': 0.0, 'neu': 1.0, 'pos': 0.0, 'compound': 0.0}"
19,['Chromebook 101 whats different about the Chromebook keyboard  '],"{'neg': 0.0, 'neu': 1.0, 'pos': 0.0, 'compound': 0.0}"
20,['How to remap your Chromebooks keyboard  '],"{'neg': 0.0, 'neu': 1.0, 'pos': 0.0, 'compound': 0.0}"
21,['Pixelbook Go handson Googles cheapest Chromebook yet '],"{'neg': 0.0, 'neu': 1.0, 'pos': 0.0, 'compound': 0.0}"
22,['How the Pixelbook Go compares to other Chromebooks  '],"{'neg': 0.0, 'neu': 1.0, 'pos': 0.0, 'compound': 0.0}"
23,['Chromebook 101 How to change your Chrome OS channels and get unreleased features  '],"{'neg': 0.0, 'neu': 1.0, 'pos': 0.0, 'compound': 0.0}"
24,['Pixelbook Go Google finally made a reasonably priced Chromebook '],"{'neg': 0.0, 'neu': 1.0, 'pos': 0.0, 'compound': 0.0}"
25,['Chromebook 101 how to customize your Chromebooks desktop    '],"{'neg': 0.0, 'neu': 1.0, 'pos': 0.0, 'compound': 0.0}"
26,['Chromebook 101 how to use Android apps on your Chromebook  '],"{'neg': 0.0, 'neu': 1.0, 'pos': 0.0, 'compound': 0.0}"
27,['Chromebook 101 How to add another user to your Chromebook  '],"{'neg': 0.0, 'neu': 1.0, 'pos': 0.0, 'compound': 0.0}"
